Insert into Product([name],[type],os,feature_product,color,current_price,original_price,ram,memory,cpu,graphics_card,size, [description],discount,qty,sold,[status]) values 
																												('Asus Gaming Rog Strix G15',1,	'Window11',	0,	'Gray',45990000,	57990000,	16,	512,	'Ryzen 7 4800H',	'Geforce RTX 3060 6GB',	15.6,'Laptop Asus gaming Rog Strix G15 G513IH-HN015W - Cấu hình mạnh mẽ chiến game: Asus ROG Strix G15 G513IH-HN015TW là chiếc laptop có cấu hình mạnh mẽ, đáp ứng được hầu hết các tựa game trên thị trường hiện nay. Ngay cả khi hoạt động trong nhiều giờ liền máy vẫn khá mát mẻ do có hệ thống tản nhiệt cao cấp. Nếu bạn là một game thủ hay người dùng muốn tìm máy có cấu hình cao thì đừng bỏ qua chiếc laptop Asus chất lượng này.',20,0,1,1),
																												('Asus Gaming Rog Strix G15',	1	,	'Window11',	0,	'Gray',23790000,	27990000,	8,	256,	'Ryzen 7 4800H'	,'Geforce RTX 3060 6GB',	15.6,'Laptop Asus gaming Rog Strix G15 G513IH-HN015W - Cấu hình mạnh mẽ chiến game: Asus ROG Strix G15 G513IH-HN015TW là chiếc laptop có cấu hình mạnh mẽ, đáp ứng được hầu hết các tựa game trên thị trường hiện nay. Ngay cả khi hoạt động trong nhiều giờ liền máy vẫn khá mát mẻ do có hệ thống tản nhiệt cao cấp. Nếu bạn là một game thủ hay người dùng muốn tìm máy có cấu hình cao thì đừng bỏ qua chiếc laptop Asus chất lượng này.',15,0,1,1),
																												('Asus Gaming Rog Strix G15',	1,	'Window11',	0,	'Black',45990000,	57990000,	16,	512,	'Ryzen 9 5900HX',	'Geforce RTX 3070 8GB',	15.6,'Laptop Asus gaming Rog Strix G15 G513IH-HN015W - Cấu hình mạnh mẽ chiến game: Asus ROG Strix G15 G513IH-HN015TW là chiếc laptop có cấu hình mạnh mẽ, đáp ứng được hầu hết các tựa game trên thị trường hiện nay. Ngay cả khi hoạt động trong nhiều giờ liền máy vẫn khá mát mẻ do có hệ thống tản nhiệt cao cấp. Nếu bạn là một game thủ hay người dùng muốn tìm máy có cấu hình cao thì đừng bỏ qua chiếc laptop Asus chất lượng này.',20,0,0,1),
																												('Apple Macbook Air M2 2022',	1,	'MacOS',	0,	'White',26790000	,32990000 ,	8,	256,	'Apple M2',	'8 nhân GPU, 16 nhân Neural Engine', 	13.6,'ĐẶC ĐIỂM NỔI BẬT:Thiết kế sang trọng, lịch lãm - siêu mỏng 11.3mm, chỉ 1.24kg;Hiệu năng hàng đầu - Chip Apple m2, 8 nhân GPU, hỗ trợ tốt các phần mềm như Word, Axel, Adoble Premier;Đa nhiệm mượt mà - Ram 16GB, SSD 512GB cho phép vừa làm việc, vừa nghe nhạc;Màn hình sắc nét - Độ phân giải 2560 x 1664 cùng độ sáng 500 nits;Âm thanh sống động - 4 loa tramg bị công nghệ dolby atmos và âm thanh đa chiều',18,0,0,1),
																												('Apple Macbook Air M2 2022',	1,		'MacOS',	0,	'Gray',26790000,	32990000,	8,	256	,'Apple M2'	,'8 nhân GPU, 16 nhân Neural Engine', 	13.6,'ĐẶC ĐIỂM NỔI BẬT:Thiết kế sang trọng, lịch lãm - siêu mỏng 11.3mm, chỉ 1.24kg;Hiệu năng hàng đầu - Chip Apple m2, 8 nhân GPU, hỗ trợ tốt các phần mềm như Word, Axel, Adoble Premier;Đa nhiệm mượt mà - Ram 16GB, SSD 512GB cho phép vừa làm việc, vừa nghe nhạc;Màn hình sắc nét - Độ phân giải 2560 x 1664 cùng độ sáng 500 nits;Âm thanh sống động - 4 loa tramg bị công nghệ dolby atmos và âm thanh đa chiều',18,0,6,1),
																												('Apple Macbook Air M2 2022',	1,		'MacOS',	0,	'Black',26790000	,32990000,	8,	256,	'Apple M2'	,'8 nhân GPU, 16 nhân Neural Engine', 	13.6,'ĐẶC ĐIỂM NỔI BẬT:Thiết kế sang trọng, lịch lãm - siêu mỏng 11.3mm, chỉ 1.24kg;Hiệu năng hàng đầu - Chip Apple m2, 8 nhân GPU, hỗ trợ tốt các phần mềm như Word, Axel, Adoble Premier;Đa nhiệm mượt mà - Ram 16GB, SSD 512GB cho phép vừa làm việc, vừa nghe nhạc;Màn hình sắc nét - Độ phân giải 2560 x 1664 cùng độ sáng 500 nits;Âm thanh sống động - 4 loa tramg bị công nghệ dolby atmos và âm thanh đa chiều',18,0,4,1),
																												('Apple Macbook Air M2 2022',	1,	'MacOS',	0,	'Silver',	26790000,32990000,	8,	256,	'Apple M2',	'8 nhân GPU, 16 nhân Neural Engine',	13.6,'ĐẶC ĐIỂM NỔI BẬT:Thiết kế sang trọng, lịch lãm - siêu mỏng 11.3mm, chỉ 1.24kg;Hiệu năng hàng đầu - Chip Apple m2, 8 nhân GPU, hỗ trợ tốt các phần mềm như Word, Axel, Adoble Premier;Đa nhiệm mượt mà - Ram 16GB, SSD 512GB cho phép vừa làm việc, vừa nghe nhạc;Màn hình sắc nét - Độ phân giải 2560 x 1664 cùng độ sáng 500 nits;Âm thanh sống động - 4 loa tramg bị công nghệ dolby atmos và âm thanh đa chiều',18,0,1,1),
																												('Apple Macbook Air M2 2022',	1,		'MacOS',	0,	'Gold',32990000,39990000,16,	256,	'Apple M2',	'8 nhân GPU, 16 nhân Neural Engine', 	13.6,'ĐẶC ĐIỂM NỔI BẬT:Thiết kế sang trọng, lịch lãm - siêu mỏng 11.3mm, chỉ 1.24kg;Hiệu năng hàng đầu - Chip Apple m2, 8 nhân GPU, hỗ trợ tốt các phần mềm như Word, Axel, Adoble Premier;Đa nhiệm mượt mà - Ram 16GB, SSD 512GB cho phép vừa làm việc, vừa nghe nhạc;Màn hình sắc nét - Độ phân giải 2560 x 1664 cùng độ sáng 500 nits;Âm thanh sống động - 4 loa tramg bị công nghệ dolby atmos và âm thanh đa chiều',18,0,0,1),
																												('Apple Macbook Air M2 2022',	1,		'MacOS',	0,	'Silver',32990000,	39990000,16,	256,	'Apple M2',	'8 nhân GPU, 16 nhân Neural Engine', 	13.6,'ĐẶC ĐIỂM NỔI BẬT:Thiết kế sang trọng, lịch lãm - siêu mỏng 11.3mm, chỉ 1.24kg;Hiệu năng hàng đầu - Chip Apple m2, 8 nhân GPU, hỗ trợ tốt các phần mềm như Word, Axel, Adoble Premier;Đa nhiệm mượt mà - Ram 16GB, SSD 512GB cho phép vừa làm việc, vừa nghe nhạc;Màn hình sắc nét - Độ phân giải 2560 x 1664 cùng độ sáng 500 nits;Âm thanh sống động - 4 loa tramg bị công nghệ dolby atmos và âm thanh đa chiều',18,0,0,1),
																												('Apple Macbook Air M2 2022',	1,		'MacOS',	0,	'Gray',	32990000,32690000,16,	256,	'Apple M2',	'8 nhân GPU, 16 nhân Neural Engine', 	13.6,'ĐẶC ĐIỂM NỔI BẬT:Thiết kế sang trọng, lịch lãm - siêu mỏng 11.3mm, chỉ 1.24kg;Hiệu năng hàng đầu - Chip Apple m2, 8 nhân GPU, hỗ trợ tốt các phần mềm như Word, Axel, Adoble Premier;Đa nhiệm mượt mà - Ram 16GB, SSD 512GB cho phép vừa làm việc, vừa nghe nhạc;Màn hình sắc nét - Độ phân giải 2560 x 1664 cùng độ sáng 500 nits;Âm thanh sống động - 4 loa tramg bị công nghệ dolby atmos và âm thanh đa chiều',18,0,1,1),
																												('Apple Macbook Air M2 2022',	1,		'MacOS',	0,	'Black',	32990000,32690000,16,	256,	'Apple M2',	'8 nhân GPU, 16 nhân Neural Engine', 	13.6,'ĐẶC ĐIỂM NỔI BẬT:Thiết kế sang trọng, lịch lãm - siêu mỏng 11.3mm, chỉ 1.24kg;Hiệu năng hàng đầu - Chip Apple m2, 8 nhân GPU, hỗ trợ tốt các phần mềm như Word, Axel, Adoble Premier;Đa nhiệm mượt mà - Ram 16GB, SSD 512GB cho phép vừa làm việc, vừa nghe nhạc;Màn hình sắc nét - Độ phân giải 2560 x 1664 cùng độ sáng 500 nits;Âm thanh sống động - 4 loa tramg bị công nghệ dolby atmos và âm thanh đa chiều',18,0,0,1),
																												('Apple Macbook Air M2 2022',	1,		'MacOS',	0,	'Gold',	37990000,45990000,24,	256,	'Apple M2',	'8 nhân GPU, 16 nhân Neural Engine', 	13.6,'ĐẶC ĐIỂM NỔI BẬT:Thiết kế sang trọng, lịch lãm - siêu mỏng 11.3mm, chỉ 1.24kg;Hiệu năng hàng đầu - Chip Apple m2, 8 nhân GPU, hỗ trợ tốt các phần mềm như Word, Axel, Adoble Premier;Đa nhiệm mượt mà - Ram 16GB, SSD 512GB cho phép vừa làm việc, vừa nghe nhạc;Màn hình sắc nét - Độ phân giải 2560 x 1664 cùng độ sáng 500 nits;Âm thanh sống động - 4 loa tramg bị công nghệ dolby atmos và âm thanh đa chiều',18,0,0,1),
																												('Apple Macbook Air M2 2022',	1,		'MacOS',	0,	'Silver',	37990000,45990000,24,	256,	'Apple M2',	'8 nhân GPU, 16 nhân Neural Engine', 	13.6,'ĐẶC ĐIỂM NỔI BẬT:Thiết kế sang trọng, lịch lãm - siêu mỏng 11.3mm, chỉ 1.24kg;Hiệu năng hàng đầu - Chip Apple m2, 8 nhân GPU, hỗ trợ tốt các phần mềm như Word, Axel, Adoble Premier;Đa nhiệm mượt mà - Ram 16GB, SSD 512GB cho phép vừa làm việc, vừa nghe nhạc;Màn hình sắc nét - Độ phân giải 2560 x 1664 cùng độ sáng 500 nits;Âm thanh sống động - 4 loa tramg bị công nghệ dolby atmos và âm thanh đa chiều',18,0,0,1),
																												('Apple Macbook Air M2 2022',	1,		'MacOS',	0,	'Gray',	37990000,45990000,24,	256,	'Apple M2',	'8 nhân GPU, 16 nhân Neural Engine', 	13.6,'ĐẶC ĐIỂM NỔI BẬT:Thiết kế sang trọng, lịch lãm - siêu mỏng 11.3mm, chỉ 1.24kg;Hiệu năng hàng đầu - Chip Apple m2, 8 nhân GPU, hỗ trợ tốt các phần mềm như Word, Axel, Adoble Premier;Đa nhiệm mượt mà - Ram 16GB, SSD 512GB cho phép vừa làm việc, vừa nghe nhạc;Màn hình sắc nét - Độ phân giải 2560 x 1664 cùng độ sáng 500 nits;Âm thanh sống động - 4 loa tramg bị công nghệ dolby atmos và âm thanh đa chiều',18,0,1,1),
																												('Apple Macbook Air M2 2022',	1,		'MacOS',	0,	'Black',	37990000,45990000,24,	256,	'Apple M2',	'8 nhân GPU, 16 nhân Neural Engine', 	13.6,'ĐẶC ĐIỂM NỔI BẬT:Thiết kế sang trọng, lịch lãm - siêu mỏng 11.3mm, chỉ 1.24kg;Hiệu năng hàng đầu - Chip Apple m2, 8 nhân GPU, hỗ trợ tốt các phần mềm như Word, Axel, Adoble Premier;Đa nhiệm mượt mà - Ram 16GB, SSD 512GB cho phép vừa làm việc, vừa nghe nhạc;Màn hình sắc nét - Độ phân giải 2560 x 1664 cùng độ sáng 500 nits;Âm thanh sống động - 4 loa tramg bị công nghệ dolby atmos và âm thanh đa chiều',18,0,2,1),
																												('Apple Macbook Air M2 2022',	1,		'MacOS',	0,	'Gold',	32490000,39990000,8,	512,	'Apple M2',	'8 nhân GPU, 16 nhân Neural Engine', 	13.6,'ĐẶC ĐIỂM NỔI BẬT:Thiết kế sang trọng, lịch lãm - siêu mỏng 11.3mm, chỉ 1.24kg;Hiệu năng hàng đầu - Chip Apple m2, 8 nhân GPU, hỗ trợ tốt các phần mềm như Word, Axel, Adoble Premier;Đa nhiệm mượt mà - Ram 16GB, SSD 512GB cho phép vừa làm việc, vừa nghe nhạc;Màn hình sắc nét - Độ phân giải 2560 x 1664 cùng độ sáng 500 nits;Âm thanh sống động - 4 loa tramg bị công nghệ dolby atmos và âm thanh đa chiều',18,0,1,1),
																												('Apple Macbook Air M2 2022',	1,	'MacOS',	0,	'Silver',	32490000,39990000,8,	512,	'Apple M2',	'8 nhân GPU, 16 nhân Neural Engine', 	13.6,'ĐẶC ĐIỂM NỔI BẬT:Thiết kế sang trọng, lịch lãm - siêu mỏng 11.3mm, chỉ 1.24kg;Hiệu năng hàng đầu - Chip Apple m2, 8 nhân GPU, hỗ trợ tốt các phần mềm như Word, Axel, Adoble Premier;Đa nhiệm mượt mà - Ram 16GB, SSD 512GB cho phép vừa làm việc, vừa nghe nhạc;Màn hình sắc nét - Độ phân giải 2560 x 1664 cùng độ sáng 500 nits;Âm thanh sống động - 4 loa tramg bị công nghệ dolby atmos và âm thanh đa chiều',18,0,0,1),
																												('Apple Macbook Air M2 2022',	1,		'MacOS',	0,	'Gray',	32490000,39990000,8,	512,	'Apple M2',	'8 nhân GPU, 16 nhân Neural Engine', 	13.6,'ĐẶC ĐIỂM NỔI BẬT:Thiết kế sang trọng, lịch lãm - siêu mỏng 11.3mm, chỉ 1.24kg;Hiệu năng hàng đầu - Chip Apple m2, 8 nhân GPU, hỗ trợ tốt các phần mềm như Word, Axel, Adoble Premier;Đa nhiệm mượt mà - Ram 16GB, SSD 512GB cho phép vừa làm việc, vừa nghe nhạc;Màn hình sắc nét - Độ phân giải 2560 x 1664 cùng độ sáng 500 nits;Âm thanh sống động - 4 loa tramg bị công nghệ dolby atmos và âm thanh đa chiều',18,0,0,1),
																												('Apple Macbook Air M2 2022',	1,		'MacOS',	0,	'Black',	32490000,39990000,8,	512,	'Apple M2',	'8 nhân GPU, 16 nhân Neural Engine', 	13.6,'ĐẶC ĐIỂM NỔI BẬT:Thiết kế sang trọng, lịch lãm - siêu mỏng 11.3mm, chỉ 1.24kg;Hiệu năng hàng đầu - Chip Apple m2, 8 nhân GPU, hỗ trợ tốt các phần mềm như Word, Axel, Adoble Premier;Đa nhiệm mượt mà - Ram 16GB, SSD 512GB cho phép vừa làm việc, vừa nghe nhạc;Màn hình sắc nét - Độ phân giải 2560 x 1664 cùng độ sáng 500 nits;Âm thanh sống động - 4 loa tramg bị công nghệ dolby atmos và âm thanh đa chiều',18,0,1,1),
																												('Apple Macbook Air M2 2022',	1,		'MacOS',	0,	'Gold',	38990000 ,45990000,16,	512,	'Apple M2',	'8 nhân GPU, 16 nhân Neural Engine', 	13.6,'ĐẶC ĐIỂM NỔI BẬT:Thiết kế sang trọng, lịch lãm - siêu mỏng 11.3mm, chỉ 1.24kg;Hiệu năng hàng đầu - Chip Apple m2, 8 nhân GPU, hỗ trợ tốt các phần mềm như Word, Axel, Adoble Premier;Đa nhiệm mượt mà - Ram 16GB, SSD 512GB cho phép vừa làm việc, vừa nghe nhạc;Màn hình sắc nét - Độ phân giải 2560 x 1664 cùng độ sáng 500 nits;Âm thanh sống động - 4 loa tramg bị công nghệ dolby atmos và âm thanh đa chiều',18,0,2,1),
																												('Apple Macbook Air M2 2022',	1,		'MacOS',	0,	'Silver',	38990000,45990000,16,	512,	'Apple M2',	'8 nhân GPU, 16 nhân Neural Engine', 	13.6,'ĐẶC ĐIỂM NỔI BẬT:Thiết kế sang trọng, lịch lãm - siêu mỏng 11.3mm, chỉ 1.24kg;Hiệu năng hàng đầu - Chip Apple m2, 8 nhân GPU, hỗ trợ tốt các phần mềm như Word, Axel, Adoble Premier;Đa nhiệm mượt mà - Ram 16GB, SSD 512GB cho phép vừa làm việc, vừa nghe nhạc;Màn hình sắc nét - Độ phân giải 2560 x 1664 cùng độ sáng 500 nits;Âm thanh sống động - 4 loa tramg bị công nghệ dolby atmos và âm thanh đa chiều',18,0,2,1),
																												('Apple Macbook Air M2 2022',	1,	'MacOS',	0,	'Gray',	38990000,45990000,16,	512,	'Apple M2',	'8 nhân GPU, 16 nhân Neural Engine', 	13.6,'ĐẶC ĐIỂM NỔI BẬT:Thiết kế sang trọng, lịch lãm - siêu mỏng 11.3mm, chỉ 1.24kg;Hiệu năng hàng đầu - Chip Apple m2, 8 nhân GPU, hỗ trợ tốt các phần mềm như Word, Axel, Adoble Premier;Đa nhiệm mượt mà - Ram 16GB, SSD 512GB cho phép vừa làm việc, vừa nghe nhạc;Màn hình sắc nét - Độ phân giải 2560 x 1664 cùng độ sáng 500 nits;Âm thanh sống động - 4 loa tramg bị công nghệ dolby atmos và âm thanh đa chiều',18,0,2,1),
																												('Apple Macbook Air M2 2022',	1,		'MacOS',	0,	'Black',38990000	,45990000,16,	512,	'Apple M2',	'8 nhân GPU, 16 nhân Neural Engine', 	13.6,'ĐẶC ĐIỂM NỔI BẬT:Thiết kế sang trọng, lịch lãm - siêu mỏng 11.3mm, chỉ 1.24kg;Hiệu năng hàng đầu - Chip Apple m2, 8 nhân GPU, hỗ trợ tốt các phần mềm như Word, Axel, Adoble Premier;Đa nhiệm mượt mà - Ram 16GB, SSD 512GB cho phép vừa làm việc, vừa nghe nhạc;Màn hình sắc nét - Độ phân giải 2560 x 1664 cùng độ sáng 500 nits;Âm thanh sống động - 4 loa tramg bị công nghệ dolby atmos và âm thanh đa chiều',18,0,1,1),
																												('HP Pavilion 14',	1,	'Office',		0,	'Silver',	17290000,18090000,8,	512,	'Intel Core I5-1235U',	'Intel Iris Xe Graphics', 	14,'Laptop HP Pavilion 14-DV2034TU 6K770PA - Sang trọng, cấu hình mạnh:: Laptop HP Pavilion 14-DV2034TU 6K770PA thuộc model laptop văn phòng nhưng lại cực kỳ tối ưu về hiệu năng. Ngoài ra, kiểu dáng thiết kế của laptop HP Pavilion cũng được làm mỏng nhẹ để có thể dễ di chuyển mọi lúc mọi nơi bên bạn.',4,0,1,1),
																												('HP Pavilion X360 ',	1,	'Office',		0,	'Gold',	17990000,19190000,8,	512,	'Intel Core I5 - gen 12',	'Intel Iris Xe Graphics', 	14,'Laptop HP Pavilion X360 14-EK00013 - Sức mạnh vượt trội:: Laptop HP Pavilion X360 14-EK00013 là dòng máy tính xách tay được tích hợp con chip thế hệ thứ 12 siêu mạnh mẽ. Cải tiến hiệu năng, trang bị màn hình cảm ứng màu sắc rực rỡ đều là những điểm mạng nổi bật của thiết bị. Hãy xem đoạn mô tả sau đây để hiểu rõ hơn về laptop HP Pavilion nhé.',6,0,1,1),
																												('HP Pavilion Aero 13 ',	1,	'Office',		0,	'Silver',	16990000,25290000,8,	512,	'AMD Ryzen 7 5800U',	'AMD Radeon Graphics', 	13.3,'Laptop HP Pavilion Aero 13-BE0229AU 64U91PA - Laptop sang trọng mỏng nhẹ: Laptop HP Pavilion Aero 13-BE0229AU 64U91PA được mệnh danh là chiếc laptop nhẹ nhất trong các dòng laptop của HP từ trước đến nay. Bên cạnh độ mỏng nhẹ, sản phẩm laptop HP Pavilion này còn gây ấn tượng với các thông số và hiệu năng có thể đáp ứng, song hành trên mọi mặt trận.',33,0,1,1),
																											    ('Asus Vivobook 14X',	1,	'Graphics',	0,	'Silver',	14990000,17990000,8,	512,	'AMD Ryzen 7 5800U',	'AMD Radeon Graphics', 	13.3,'Laptop Asus Vivobook 14X A1403ZA-KM067W – Hiệu năng mạnh mẽ:: Laptop Asus Vivobook 14X A1403ZA-KM067W vừa mang thiết kế ấn tượng lại có hiệu năng mạnh mẽ, nên được người dùng lựa chọn để sử dụng trong thời gian dài. Còn chần chờ gì mà không sở hữu ngay sản phẩm laptop Asus Vivobook này, giá vừa tầm lại chất lượng cao.',17,0,0,1),
																												('iPhone 14 Pro Max',	0	,'IOS',	0,	'Purple',28490000,	34990000,	6,	128	,'','',		6.7,'ĐẶC ĐIỂM NỔI BẬT: Màn hình Dynamic Island - Sự biến mất của màn hình tai thỏ thay thế bằng thiết kế viên thuốc, OLED 6,7 inch, hỗ trợ always-on display;Cấu hình iPhone 14 Pro Max mạnh mẽ, hiệu năng cực khủng từ chipset A16 Bionic;Làm chủ công nghệ nhiếp ảnh - Camera sau 48MP, cảm biến TOF sống động;Pin liền lithium-ion kết hợp cùng công nghệ sạc nhanh cải tiến',18,0,0,1),
																												('iPhone 14 Pro Max',	0	,'IOS',	0,	'Gold',	28490000,34990000,	6,	128	,'','',		6.7,'ĐẶC ĐIỂM NỔI BẬT: Màn hình Dynamic Island - Sự biến mất của màn hình tai thỏ thay thế bằng thiết kế viên thuốc, OLED 6,7 inch, hỗ trợ always-on display;Cấu hình iPhone 14 Pro Max mạnh mẽ, hiệu năng cực khủng từ chipset A16 Bionic;Làm chủ công nghệ nhiếp ảnh - Camera sau 48MP, cảm biến TOF sống động;Pin liền lithium-ion kết hợp cùng công nghệ sạc nhanh cải tiến',18,0,2,1),
																												('iPhone 14 Pro Max',	0	,'IOS',	0,	'Silver',29190000	,34990000,	6,	128	,'','',		6.7,'ĐẶC ĐIỂM NỔI BẬT: Màn hình Dynamic Island - Sự biến mất của màn hình tai thỏ thay thế bằng thiết kế viên thuốc, OLED 6,7 inch, hỗ trợ always-on display;Cấu hình iPhone 14 Pro Max mạnh mẽ, hiệu năng cực khủng từ chipset A16 Bionic;Làm chủ công nghệ nhiếp ảnh - Camera sau 48MP, cảm biến TOF sống động;Pin liền lithium-ion kết hợp cùng công nghệ sạc nhanh cải tiến',16,0,2,1),
																												('iPhone 14 Pro Max',	0		,'IOS',	0,	'Black',	30990000,34990000,	6,	128	,'','',		6.7,'ĐẶC ĐIỂM NỔI BẬT: Màn hình Dynamic Island - Sự biến mất của màn hình tai thỏ thay thế bằng thiết kế viên thuốc, OLED 6,7 inch, hỗ trợ always-on display;Cấu hình iPhone 14 Pro Max mạnh mẽ, hiệu năng cực khủng từ chipset A16 Bionic;Làm chủ công nghệ nhiếp ảnh - Camera sau 48MP, cảm biến TOF sống động;Pin liền lithium-ion kết hợp cùng công nghệ sạc nhanh cải tiến',18,0,2,1),
																												('iPhone 14 Pro Max',	0		,'IOS',	0,	'Purple',	36990000,37990000,	6,	256	,'','',		6.7,'ĐẶC ĐIỂM NỔI BẬT: Màn hình Dynamic Island - Sự biến mất của màn hình tai thỏ thay thế bằng thiết kế viên thuốc, OLED 6,7 inch, hỗ trợ always-on display;Cấu hình iPhone 14 Pro Max mạnh mẽ, hiệu năng cực khủng từ chipset A16 Bionic;Làm chủ công nghệ nhiếp ảnh - Camera sau 48MP, cảm biến TOF sống động;Pin liền lithium-ion kết hợp cùng công nghệ sạc nhanh cải tiến',11,0,3,1),
																												('iPhone 14 Pro Max',	0		,'IOS',	0,	'Gold',	36990000,43990000,	6,	256	,'','',		6.7,'ĐẶC ĐIỂM NỔI BẬT: Màn hình Dynamic Island - Sự biến mất của màn hình tai thỏ thay thế bằng thiết kế viên thuốc, OLED 6,7 inch, hỗ trợ always-on display;Cấu hình iPhone 14 Pro Max mạnh mẽ, hiệu năng cực khủng từ chipset A16 Bionic;Làm chủ công nghệ nhiếp ảnh - Camera sau 48MP, cảm biến TOF sống động;Pin liền lithium-ion kết hợp cùng công nghệ sạc nhanh cải tiến',11,0,2,1),
																												('iPhone 14 Pro Max',	0		,'IOS',	0,	'Silver',36990000,	43990000,	6,	256	,'','',		6.7,'ĐẶC ĐIỂM NỔI BẬT: Màn hình Dynamic Island - Sự biến mất của màn hình tai thỏ thay thế bằng thiết kế viên thuốc, OLED 6,7 inch, hỗ trợ always-on display;Cấu hình iPhone 14 Pro Max mạnh mẽ, hiệu năng cực khủng từ chipset A16 Bionic;Làm chủ công nghệ nhiếp ảnh - Camera sau 48MP, cảm biến TOF sống động;Pin liền lithium-ion kết hợp cùng công nghệ sạc nhanh cải tiến',11,0,4,1),
																												('iPhone 14 Pro Max',	0		,'IOS',	0,	'Black',36990000	,43990000,	6,	256	,'','',		6.7,'ĐẶC ĐIỂM NỔI BẬT: Màn hình Dynamic Island - Sự biến mất của màn hình tai thỏ thay thế bằng thiết kế viên thuốc, OLED 6,7 inch, hỗ trợ always-on display;Cấu hình iPhone 14 Pro Max mạnh mẽ, hiệu năng cực khủng từ chipset A16 Bionic;Làm chủ công nghệ nhiếp ảnh - Camera sau 48MP, cảm biến TOF sống động;Pin liền lithium-ion kết hợp cùng công nghệ sạc nhanh cải tiến',11,0,0,1),
																												('iPhone 14 Pro Max',	0		,'IOS',	0,	'Purple',36990000,	43990000,	6,	512	,'','',		6.7,'ĐẶC ĐIỂM NỔI BẬT: Màn hình Dynamic Island - Sự biến mất của màn hình tai thỏ thay thế bằng thiết kế viên thuốc, OLED 6,7 inch, hỗ trợ always-on display;Cấu hình iPhone 14 Pro Max mạnh mẽ, hiệu năng cực khủng từ chipset A16 Bionic;Làm chủ công nghệ nhiếp ảnh - Camera sau 48MP, cảm biến TOF sống động;Pin liền lithium-ion kết hợp cùng công nghệ sạc nhanh cải tiến',15,0,0,1),
																												('iPhone 14 Pro Max',	0		,'IOS',	0,	'Gold',	36990000,43990000,	6,	512	,'','',		6.7,'ĐẶC ĐIỂM NỔI BẬT: Màn hình Dynamic Island - Sự biến mất của màn hình tai thỏ thay thế bằng thiết kế viên thuốc, OLED 6,7 inch, hỗ trợ always-on display;Cấu hình iPhone 14 Pro Max mạnh mẽ, hiệu năng cực khủng từ chipset A16 Bionic;Làm chủ công nghệ nhiếp ảnh - Camera sau 48MP, cảm biến TOF sống động;Pin liền lithium-ion kết hợp cùng công nghệ sạc nhanh cải tiến',15,0,0,1),
																												('iPhone 14 Pro Max',	0		,'IOS',	0,	'Silver',	36990000,43990000,	6,	512	,'','',		6.7,'ĐẶC ĐIỂM NỔI BẬT: Màn hình Dynamic Island - Sự biến mất của màn hình tai thỏ thay thế bằng thiết kế viên thuốc, OLED 6,7 inch, hỗ trợ always-on display;Cấu hình iPhone 14 Pro Max mạnh mẽ, hiệu năng cực khủng từ chipset A16 Bionic;Làm chủ công nghệ nhiếp ảnh - Camera sau 48MP, cảm biến TOF sống động;Pin liền lithium-ion kết hợp cùng công nghệ sạc nhanh cải tiến',15,0,0,1),
																												('iPhone 14 Pro Max',	0		,'IOS',	0,	'Black',	36990000,43990000,	6,	512	,'','',		6.7,'ĐẶC ĐIỂM NỔI BẬT: Màn hình Dynamic Island - Sự biến mất của màn hình tai thỏ thay thế bằng thiết kế viên thuốc, OLED 6,7 inch, hỗ trợ always-on display;Cấu hình iPhone 14 Pro Max mạnh mẽ, hiệu năng cực khủng từ chipset A16 Bionic;Làm chủ công nghệ nhiếp ảnh - Camera sau 48MP, cảm biến TOF sống động;Pin liền lithium-ion kết hợp cùng công nghệ sạc nhanh cải tiến',15,0,0,1),
																												('Samsung Galaxy S22',	0		,'Android',	0,	'Xanh',14350000,	21990000,	8,	128	,'','',		6.1,'ĐẶC ĐIỂM NỔI BẬT: Camera mắt thần bóng đêm Nightography - Ghi lại khoảnh khắc đêm diệu kì; Mãn nhãn từng khoảnh khắc - Màn hình 6.1", Dynamic AMOLED 2X, 120Hz; Bứt phá hiệu năng - Snapdragon 8 Gen 1 (4 nm); Thỏa sức trải nghiệm chỉ với một lần sạc - Viên pin 3700 mAh, sạc nhanh 25W, sạc không dây',35,0,4,1),
																												('Samsung Galaxy S22',	0		,'Android',	0,	'White',	14350000,21990000,	8,	128	,'','',		6.1,'ĐẶC ĐIỂM NỔI BẬT: Camera mắt thần bóng đêm Nightography - Ghi lại khoảnh khắc đêm diệu kì; Mãn nhãn từng khoảnh khắc - Màn hình 6.1", Dynamic AMOLED 2X, 120Hz; Bứt phá hiệu năng - Snapdragon 8 Gen 1 (4 nm); Thỏa sức trải nghiệm chỉ với một lần sạc - Viên pin 3700 mAh, sạc nhanh 25W, sạc không dây',35,0,3,1),
																												('Samsung Galaxy S22',	0		,'Android',	0,	'Hồng',	14350000,21990000,	8,	128	,'','',		6.1,'ĐẶC ĐIỂM NỔI BẬT: Camera mắt thần bóng đêm Nightography - Ghi lại khoảnh khắc đêm diệu kì; Mãn nhãn từng khoảnh khắc - Màn hình 6.1", Dynamic AMOLED 2X, 120Hz; Bứt phá hiệu năng - Snapdragon 8 Gen 1 (4 nm); Thỏa sức trải nghiệm chỉ với một lần sạc - Viên pin 3700 mAh, sạc nhanh 25W, sạc không dây',35,0,2,1),
																												('Samsung Galaxy S22',	0		,'Android',	0,	'Black',	14350000,21990000,	8,	128	,'','',		6.1,'ĐẶC ĐIỂM NỔI BẬT: Camera mắt thần bóng đêm Nightography - Ghi lại khoảnh khắc đêm diệu kì; Mãn nhãn từng khoảnh khắc - Màn hình 6.1", Dynamic AMOLED 2X, 120Hz; Bứt phá hiệu năng - Snapdragon 8 Gen 1 (4 nm); Thỏa sức trải nghiệm chỉ với một lần sạc - Viên pin 3700 mAh, sạc nhanh 25W, sạc không dây',35,0,1,1),
																												('Samsung Galaxy S22',	0		,'Android',	0,	'Green',	15790000,23490000,	8,	256	,'','',		6.1,'ĐẶC ĐIỂM NỔI BẬT: Camera mắt thần bóng đêm Nightography - Ghi lại khoảnh khắc đêm diệu kì; Mãn nhãn từng khoảnh khắc - Màn hình 6.1", Dynamic AMOLED 2X, 120Hz; Bứt phá hiệu năng - Snapdragon 8 Gen 1 (4 nm); Thỏa sức trải nghiệm chỉ với một lần sạc - Viên pin 3700 mAh, sạc nhanh 25W, sạc không dây',33,0,0,1),
																												('Samsung Galaxy S22',	0		,'Android',	0,	'White',	15790000,23490000,	8,	256	,'','',		6.1,'ĐẶC ĐIỂM NỔI BẬT: Camera mắt thần bóng đêm Nightography - Ghi lại khoảnh khắc đêm diệu kì; Mãn nhãn từng khoảnh khắc - Màn hình 6.1", Dynamic AMOLED 2X, 120Hz; Bứt phá hiệu năng - Snapdragon 8 Gen 1 (4 nm); Thỏa sức trải nghiệm chỉ với một lần sạc - Viên pin 3700 mAh, sạc nhanh 25W, sạc không dây',33,0,0,1),
																												('Samsung Galaxy S22',	0		,'Android',0,	'Pink',	15790000,23490000,	8,	256	,'','',		6.1,'ĐẶC ĐIỂM NỔI BẬT: Camera mắt thần bóng đêm Nightography - Ghi lại khoảnh khắc đêm diệu kì; Mãn nhãn từng khoảnh khắc - Màn hình 6.1", Dynamic AMOLED 2X, 120Hz; Bứt phá hiệu năng - Snapdragon 8 Gen 1 (4 nm); Thỏa sức trải nghiệm chỉ với một lần sạc - Viên pin 3700 mAh, sạc nhanh 25W, sạc không dây',33,0,0,1),
																												('Samsung Galaxy S22',	0		,'Android',	0,	'Black',	15790000,23490000,	8,	256	,'','',		6.1,'ĐẶC ĐIỂM NỔI BẬT: Camera mắt thần bóng đêm Nightography - Ghi lại khoảnh khắc đêm diệu kì; Mãn nhãn từng khoảnh khắc - Màn hình 6.1", Dynamic AMOLED 2X, 120Hz; Bứt phá hiệu năng - Snapdragon 8 Gen 1 (4 nm); Thỏa sức trải nghiệm chỉ với một lần sạc - Viên pin 3700 mAh, sạc nhanh 25W, sạc không dây',33,0,1,1),
																												('Samsung Galaxy S22',	0		,'Android',	0,	'Green',	22190000,36990000,	8,	512	,'','',		6.1,'ĐẶC ĐIỂM NỔI BẬT: Camera mắt thần bóng đêm Nightography - Ghi lại khoảnh khắc đêm diệu kì; Mãn nhãn từng khoảnh khắc - Màn hình 6.1", Dynamic AMOLED 2X, 120Hz; Bứt phá hiệu năng - Snapdragon 8 Gen 1 (4 nm); Thỏa sức trải nghiệm chỉ với một lần sạc - Viên pin 3700 mAh, sạc nhanh 25W, sạc không dây',40,0,1,1),
																												('Samsung Galaxy S22',	0		,'Android',	0,	'White',	22190000,36990000,	8,	512	,'','',		6.1,'ĐẶC ĐIỂM NỔI BẬT: Camera mắt thần bóng đêm Nightography - Ghi lại khoảnh khắc đêm diệu kì; Mãn nhãn từng khoảnh khắc - Màn hình 6.1", Dynamic AMOLED 2X, 120Hz; Bứt phá hiệu năng - Snapdragon 8 Gen 1 (4 nm); Thỏa sức trải nghiệm chỉ với một lần sạc - Viên pin 3700 mAh, sạc nhanh 25W, sạc không dây',40,0,1,1),
																												('Samsung Galaxy S22',	0		,'Android',	0,	'Pink',	22190000,36990000,	8,	512	,'','',		6.1,'ĐẶC ĐIỂM NỔI BẬT: Camera mắt thần bóng đêm Nightography - Ghi lại khoảnh khắc đêm diệu kì; Mãn nhãn từng khoảnh khắc - Màn hình 6.1", Dynamic AMOLED 2X, 120Hz; Bứt phá hiệu năng - Snapdragon 8 Gen 1 (4 nm); Thỏa sức trải nghiệm chỉ với một lần sạc - Viên pin 3700 mAh, sạc nhanh 25W, sạc không dây',40,0,1,1),
																												('Samsung Galaxy S22',	0		,'Android',	0,	'Black',22190000	,36990000,	8,	512	,'','',		6.1,'ĐẶC ĐIỂM NỔI BẬT: Camera mắt thần bóng đêm Nightography - Ghi lại khoảnh khắc đêm diệu kì; Mãn nhãn từng khoảnh khắc - Màn hình 6.1", Dynamic AMOLED 2X, 120Hz; Bứt phá hiệu năng - Snapdragon 8 Gen 1 (4 nm); Thỏa sức trải nghiệm chỉ với một lần sạc - Viên pin 3700 mAh, sạc nhanh 25W, sạc không dây',40,0,0,1),
																												('Gigabyte G5 ',	1,		'Window11',	0,	'Black',	22990000,26390000,16,	512,	'Intel Core i5 11400H',	'NVIDIA GeForce RTX 3050 4GB GDDR6s', 	15.6,'Laptop Gigabyte G5 GE-51VN213SH – Hiệu suất mạnh mẽ: Nếu bạn thích một chiếc laptop có hiệu năng và tốc độ xử lý thuộc top đầu thì đừng bỏ qua laptop Gigabyte G5 GE-51VN213SH. Với những đặc tính vượt trội, hứa hẹn chiếc laptop Gigabyte này chính là “cộng sự” đắc lực dành cho bạn.',13,0,0,1),
																												('Gigabyte U4 ',	1,	'Window11',	0,	'Silver',	14990000,25490000,16,	512,	'Intel Core i5 11400H',	'Intel Iris Xe Graphics', 	14,'Laptop Gigabyte U4 UD-50VN823SO – Hiệu năng mạnh mẽ: Laptop Gigabyte U4 UD-50VN823SO là mẫu laptop mới với cấu hình khủng đang được khá nhiều người dùng quan tâm và tìm hiểu trong thời gian gần đây',41,0,0,1),
																												('Dell Inspiron 3515 ',	1,	'Window11',	0,	'Black',	10990000,15990000,8,	256,	'AMD R5500u ',	'AMD Radeon Graphics', 	15.6,'Laptop Dell Inspiron 3515 - Tối ưu cho thao tác xử lý tiện lợi: Laptop Dell Inspiron 3515 được đánh giá làchiếc laptop có cấu hình chất lượng cùng kiểu dáng linh hoạt để làm việc từ xa thuận tiện hơn. Cùng với vi xử lý Ryzen 5 mạnh mẽ, bộ nhớ lưu trữ 256 GB và thời lượng pin khá lâu chắc chắn sẽ đồng hành cùng bạn hoàn tất mọi công việc có trong ngày. ',0,0,0,1),
																												('MSI Modern 15 ',	1,	'Window11',	0,	'Gray',	17490000,18990000,8,	512,	'Core i5-1155G7 ',	'Intel Iris Xe Graphics', 	15.6,'Laptop MSI Modern 15 A5M 237VN - Ấn tượng từ thiết kế, mượt mà từ cấu hình: Laptop MSI Modern 15 A5M 237VN là một sản phẩm vừa ra mắt đã gây lên cơn sốt do giới công nghệ vì sự hoàn hảo của nó. Với các thông số kỹ thuật mà laptop MSI Modern sở hữu đã khiến cho ai cũng phải trầm trồ.',8,0,0,1),
																												('Huawei Matebook 14 ',	1,	'Window11',	0,	'Silver',16990000,	21990000,16,	512,	'Core i5-1155G7 ',	'Intel Iris Xe Graphics', 	15.6,'Huawei MateBook 14 – Thiết kế nhỏ gọn, hiệu năng mạnh mẽ: Bạn đang băn khoăn không biết nên chọn mua cho mình chiếc laptop mỏng nhẹ cùng cấu hình mạnh mẽ nào. Còn chần chừ gì nữa mà không chọn mua ngay chiếc laptop Huawei MateBook 14. Thiết kế mỏng nhẹ cấu hình mạnh mẽ cùng với một mức giá vô cùng phải chăng sẽ là sự lựa chọn không thể nào tốt hơn dành cho bạn.',23,0,0,1),
																												('Huawei Matebook 14 ',	1,	'Window11',	0,	'Silver',	16990000,21990000,16,	512,	'AMD R5500u ',	'AMD Radeon Graphics', 	15.6,'Huawei MateBook 14 – Thiết kế nhỏ gọn, hiệu năng mạnh mẽ: Bạn đang băn khoăn không biết nên chọn mua cho mình chiếc laptop mỏng nhẹ cùng cấu hình mạnh mẽ nào. Còn chần chừ gì nữa mà không chọn mua ngay chiếc laptop Huawei MateBook 14. Thiết kế mỏng nhẹ cấu hình mạnh mẽ cùng với một mức giá vô cùng phải chăng sẽ là sự lựa chọn không thể nào tốt hơn dành cho bạn.',23,0,0,1),
																												('Dell Vostro 3405',	1,	'Window11',	0,	'Black',11690000,	18490000,16,	512,	'AMD R5500u ',	'AMD Radeon Graphics', 	15.6,'Laptop Dell Vostro 3405 V4R53500U003W được xem là mẫu laptop luôn mang đến những trải nghiệm ấn tượng cho người dùng. Không những được thiết kế một cách độc đáo, sang trọng, ấn tượng mà mẫu máy này còn có thể xử lý được nhiều tác vụ khác nhau một cách mượt mà nhơf vào bộ vi xử lý mạnh mẽ, ấn tượng.: Cùng khám phá thêm mẫu laptop Dell Vostro 5402 70231338 có hiệu năng hoạt động nhanh chóng, hiệu quả. Giúp giải quyết nhiều tác vụ văn phòng một cách tiện lợi nhất.',37,0,0,1)
Insert into Requirement (requirement_name) values ('Gaming'),('Office'),('Graphic'),('Photography')
Insert into Product_Requirement (product_id,requirement_id) values (1,1),(2,1),(3,1),(4,2),(5,2),(6,2),(7,2),(8,2),(9,2),(10,2),(11,2),(12,2),(13,2),(14,2),(15,2),(16,2),(17,2),(18,2),(19,2),(20,2),(21,2),(22,2),(23,2),(24,2),(25,2),(26,2),(27,3),(28,4),(29,4),(30,4),(31,4),(32,4),(33,4),(34,4),(35,4),(36,4),(37,4),(38,4),(39,4),(40,1),(41,1),(42,1),(43,1),(44,1),(45,1),(46,1),(47,1),(48,1),(49,1),(50,1),(51,1),(52,3),(53,2),(54,2),(55,2),(56,2),(57,2),(58,2)
Insert into Brand(brand_name,[description]) values ('Asus',''), ('Apple',''),('HP',''),('Samsung',''),('Gigabyte',''),('Dell',''),('MSI',''),('Huawei','')
Insert into Product_Brand(brand_id,product_id) values (1,1),(1,2),(2,3),(2,4),(2,5),(2,6),(2,7),(2,8),(2,9),(2,10),(2,11),(2,12),(2,13),(2,14),(2,15),(2,16),(2,17),(2,18),(2,19),(2,20),(2,21),(2,22),(2,23),(3,24),(3,25),(3,26),(1,27),(2,28),(2,29),(2,30),(2,31),(2,32),(2,33),(2,34),(2,35),(2,36),(2,37),(2,38),(2,39),(4,40),(4,41),(4,42),(4,43),(4,44),(4,45),(4,46),(4,47),(4,48),(4,49),(4,50),(5,51),(5,52),(5,53),(6,54),(7,55),(8,56),(8,57),(8,58)
Insert Into Image(product_id,[url],thumbnail) values	(1,'data:image/jpeg;base64,/9j/4AAQSkZJRgABAQAAAQABAAD/2wCEAAkGBxASEhUPEBAVDxUVDxAQEBAPFRUQEBUVFRUWFhUVFhYYHSggGBolGxUVITEhJSkrLy4uFx8zODMsNygtLisBCgoKDg0NDw0PDyslFRkrKy4sNy03Ny0uKzcrNzc3KzcrNTc4LC03Nzg3KysrKysrNzcrNy0tNzI3KysrNzgrMv/AABEIAOEA4QMBIgACEQEDEQH/xAAcAAEAAQUBAQAAAAAAAAAAAAAABAIDBQYHAQj/xABBEAACAgEBBAYHBAgGAgMAAAAAAQIDEQQFEiExBgcTQWHwIjJRcYGRoUJygrEUUnOSosHR4SRDYrLC8TM0I1Nk/8QAFwEBAQEBAAAAAAAAAAAAAAAAAAECA//EAB0RAQEBAQABBQAAAAAAAAAAAAABEQIDBCIxQWH/2gAMAwEAAhEDEQA/AO4gAAAAAAAAAAAAAAAAAAAAAAAAAAAAAAAAAAAAAAAAAAAAAAAAAAAAAAAAAAAAAAAAAAAAAAAAAAAAAAAjbR1XZwc+L9KEFhb3GclFPGVlJtN8VwTNf1F+q08J6izU9t2eJW0SqjXBw+12bXpJpZxlvOOJsGtUXHckm8/q80000145xj3GJektlJStuc61/lKmC7RcVu2Nt5XwRyvq/Hx1Ob5JMvulm7Py5cLzb9M9F54npRVPKzjHP6PBWdOep1J1PigACgDResDphdpLK6NPubzg7LXNb2E3iCXHhyk/ka9R1l677UKJfgmn9JgdbBzSjrLu+1poP7s5R/NMyFHWNF+tpWvu2KX5xQG9g1Onp5p3zqtXuUH/AMidV0u0r75x98H/ACyBngYyvpBpXyt+cZL80X47UofK6HxaX5gTAWY6qt8rIv3STLqknyefcB6AAAAAAAAAAAAAAAAAAB5g9AAAADyUkll8EuLbPTVusra36PoZpPE7mtPD8ae+/wBxS+OAORdIdqPVam3UZ4Tse54QXow/hSI1ZFgSaiql1InUoh0on0IqplETIUwIuniZCiIEimBLrrKKYkyuIFMaz3cxy4F9RPXEiLHbWLlOS90miiW0r1yun8Xn8y5NEW1AVvb+qX+bn3xi/wCRQ+luqj/9cvvRf8miFciDcBm106vXrVVy929H+bK11iNetpV+G3+sDU7iFaDG/Q6yKPtaexfdcJfm0ZbYHTHTaux0VqcJ7jsUbVFbyTSluuMnyyvn78chsNy6pdn71t+ra9WMdNW/F4nZ+VYR00AEAAAAAAAAAAADjPW3tbtdXHTxfo0Qw/2lmJS+UdxfM69tHWQpqsvs4RrrnZL3RTb/ACPmvVauVtk7pv0rLJWSxx4yeX+YFcSTSRq/OSVUaaTqDIUGPoMhQBktOjJadGNoZkaGBkKUS6yHSyXBgX0GUpnkpAUWES0v2SItsgIlzINxLtkQrpAQrmQ7SVcyHawIl8sJv2LJ2PoJs3sNDTBrEpR7az271npYfik0vgcn2Xof0jUU6fmrLY7/ANyPpT/hTO7JEqV6ACIAAAAAAAAAADn3XJtfs9LDSxfpX2el+zrxKXzk4LxWTj1fnuNi6ydr/pOvtaeYVf4avv8AUb33j77lx9iRrkPOSxYk1+cEusiV+e5Eul+UVU2gyFDMbUydRIDK0MyFEjE0yJ9MwMrVMlQmY2qZIjYBN3zyUyPvlMrCCuyZjtoa+qpb1tsKl7bJRgvqyXtTQ3fo9koWxotdcuwc0penjhlf2fu4YfGtbszSU2OzausnrNQ36Wm07c5Z/VlN8ua4ej4DUdAs6TaFvC1dLfJYmi9OxNZTynxTXFYNP0O0b4pLR7Lq0cG1GNmpl2bl3LPKUn8WbLVKzcj2ri549Ps01DP+nebeO7+gg8ukQ7WX7ZES6eE34ZKrceqzQb99upa4VwVUPZvT4ya8Ulj8R041vq+2d2OirysSszfPx3/V/hUTZDLIAAAAAAAAAABh+l211pNHdqe+FbVaffZL0a1+80Zg5L14bY406GL/AP02r5wqXj/mPHhEDl8W335fNvvb73ll6HnvLEfOeH0L8POeCNNJEH5fElVvyyHW/PJEqtgTq2SqZEGuXnmSa5AZOmZNqmYqqZLrsAytdhfjaYyFhejYBko38MP3+KZk67N6UdxRU3BS35ccLlwXezXO1PXqHw48m2vaviZsGY1GvhCTxF2TXOy5cV92Hcat0q0Fl0LtZpoWK6FUpWToVKtswkopTde8sLLxF5a+BnIbafBW1xvS5b6SkvxYLW0duSnHs64qmHfGPN/FJYXgMRz/AKH7BnD/ABmrcp3yXoKxuUoRfe2/tNP4L3s2O2ZVZMjWTKKLJHmg0jvuqoX+ZbGLa7lni/gWpyNq6rtB2mqne1wpr3Y/fs4f7d75AdUrgopRisJJJJdyXBIqAIgAAAAAAAAAAPJNLi+HtbPmTpTth6zWXanOYzsar/Zx9Gvny9FJ+9s7d1p7a/Rdn27rxO7Gmr9ubE99r3QU378Hz1Dz/wBFixfh5xxfzL0PP2mWIvy/5IvR8/2RVSIPzzZfg/PMjRfnl8kX4PzyQEut+WSYyIUH55EiuQE2uZJrsMfCRfhMDIwsLqsMfGwuKwCb2p47CJ2h47AJMrCzKwtOwtysArnMsTmeSmWZyA8snjizrfVps/stFGcliV0pXP3PhFe7Cz+I5HRRK2yuiPrWWQrX4n3+B9BaWiNcI1xWIwhGEV4RWF9ESpV0AEQAAAAAAAAANf6WdL9Ls+Kd0nKck3XRWs2S8fZGOe9+zvA5b14bWlPWV6XDUKad7inFSnbhtrPCSUVBZXe5I57Dz/2bV046fX7R09mltoqhCVkJ1OO+7K3Fp+s3iTays4XrGn7FSrjZC2Cs39zcm9/frcd7O7iSXHKzlPkiqmQflcPqy9DzjgvmyzZGCTlCbk/1Zbv/ACx+ZZWpmvSlXwXObyln2LP5ooyMH5XD6vvL0X3/AFX9WYyjalb7/fj0/qs4JlWpg+U037M8fqQTYPz/AHZfhLz/AHI0X55/2wXIPzzKqUpFyMyNGXnmVKQEyNhcUyGplamBK7QdoRt8b4F5zKHMtuZQ5gVykWpSPJSLcpAZ3oTrKKtZG/UScYVwk4tRlP05LCyor2POfA63pulWgs9XVVrwnLsn8p4OD6N+jn9Z5/oX8kR9D1XRkswkpr2xakvmis+dYWOLzFuL9sXuv5on0dKNdX6mrtXhKXaL5TyhhjvYOK0dZe0Yes6rv2leH/A4mV0vW9JcLtEn7ZVW4/hlH+ZEdVBpuxOsjR6myFKhdVOc1CPaRi4uT4Jb0ZM3IAAAByDrx2BqrLKtbTXKyuuh13OvjKGJuSk4rju+k+Pd34OvgD5AlqJJZ9b4Z/LiyuGshyaxz5H0ttPoDsq9uVmirjKTzKdOaJN+1utrL95qm0+pTRyy9PqbqH3Rnu31r3LEX9S6uuNRug+Uvg/7ZLkYfqvj/pfH+pue0epbaFbzRZRqEljGZUza9m604/xGravobtLS/wDl0N6Syswj28FxzxlXlICLZXn1kpezfim/m1ktS00ePo7v3X9cSyiP+kWqeE1u5WYttSXc+HzJS1XFJxznvS4fFrkBRCpx4Qscfem/9skn8iVLVWxxuz7XgsuSiuPgm44+bLc9RWsbz3c8uK/n/UuRUXxUl5+gFyG15r/yVY8eOPhwcfqTNJtOFmElJPu3l/Tly7zHql84/OLz+Rbsqy8yipPn6cVJ/NrIGxJnqmao7bIerKUfCM5Y+U95fQvV7XuX2lL78P8AlBr/AGjTWzbwczB17c/WrX4Jr8pqJKjter7TlX9+Mkv3sY+oGRcjxyI9WphP1Jxn92Sf5FbZVVORH1VmIvx4f1+mStsx+07lybS4d8t3Oe5P24T+ZEXadtQwlKLXDlxz8E0skqvaVUllN/FP+RhKapz9GtTx3vejOHuzJZMlpNhLhKzEn7IrC+fN/QDIV2xl6slL24eSrs2yl21VLCxw7o4SXvfIgW7WlNxhVFz33hKtN9+Me1v2JcyibbCK9Z/DvLNNbskoVQc5NpJc+L+iNv6LdWmrvfa6zOlreN2t8bmvGK9XPi0/A6rsLo5pdJFKipReMOx8bH7ePdn2LCIa1PoD0B7Bw1mre/djerpx6FWeTeeMp49yWeWVk6EARAAAAAAAAAAAQdp7H02oW7qdPVqF3K6uNmPdvLgaptLqn2TblxqnppP7WnskkvdCe9FfBG8gDje1OpFv/wBfWqa7oaqrP8cHw/dNZ1nVltfTrEdNC+Kzx01kXhfdnuv5I+igB8hWVaiq+ULU4YlJSrs9GcfwviuJkI3ePz4/mfUus0NN0dy6qF0f1bYRsj8pI1jaPVrsm3j+jdi+56ecqkvwJ7n0Lq6+fJuNkfRxz9ZeHMiTqw8byzhtLOHhc+eEdqu6k9Lx7LWX15e8t6Nc+P8Aqwo5XgsGubZ6l9dGW9ptTVelLeSt3qbOWOCxKL9nNJgc1nRLHfj2rivmi1GLXFZz4PH1Rm9r9Ddp6PErtHZCKm8TrxbXh5bTlW3iPPDeMMwkdU+HHfSk16SUm4+zPdJe/iEeNt8ZJS8ZpN/vPj9S7Xq5R9WUo/dnLHynvL6FLk3FyWMxeHu+q0+Uknlr2NFrtfD5cCCVHbGpi+UbFnnJYlj8OF9DN7MrrtXazcW85cVJ7q7llPD7u9GsOzJlNlTxHHFtzW7BZbbaS4LvZVjYLddXBcOOPhHz7jFaja07H2cE5NvdUIJtt8OCiuL5po27o51V67VyVuqf6DU3lRks6hrOViH2Ob9bDWeTOu9F+hmh0Ef8NSt/GJX2endL8Xd7o4XgDXKujPVhrdVFS1mNHVJJyhJb98l3rc5Q/F8mdY6NdEdFoY409KUsYd0/Stf4vsrwjheBnQRAAAAAAAAAAAAAAAAAAAAAAAAAAADF7U6O6LU/+xpKbn+tZXGUl7pYyvgzKADQNpdUOyrMuuNulbec02OS+Vu8kvBYNW2j1JWJt0auuxfZhfW6mvfODln91HaABw/ZfUvqHL/57KqI73pODlfNr/Smkl72/gdQ6M9DdDoVmirNmMO+3E7n7fS+yvCKSNgAAAAAAAAAAAAAAAAAAAAAAAAAAAAAAAAAAAAAAAAAAAAAAAAAAAAAAAAAAAAAAAAAAAAAAAAAAAAAAAAAAAAAAAAAAAAAAAAAAAAAAAAAAAAAAAAAAAAAAAAAAAAAAAAAAAAAAB//2Q==',0),
											(1,'data:image/jpeg;base64,/9j/4AAQSkZJRgABAQAAAQABAAD/2wCEAAkGBxASEhIQEhAVERAWFRAVFRUVEA8QFRYWFRYWFxUVFRUYHSggGBolHRcVITEhJSkrLi4uFx8zODMtNygtLisBCgoKDg0OGhAQGi0lICYtLS0tLS0tLS0tLS0vLS0tLS8tLS0tLS0tLS0tLS0tLS0tLS0tLS0tLS0tLS0tLS0tLf/AABEIAL4BCgMBIgACEQEDEQH/xAAcAAABBQEBAQAAAAAAAAAAAAAEAQIDBQYABwj/xABBEAABBAAEAwUEBwcDAwUAAAABAAIDEQQSITEFQVEGYXGBkRMiobEUMkJSwdHwI2JykrLh8QcVgjPC4hY0Q1Oi/8QAGgEAAgMBAQAAAAAAAAAAAAAAAAIBAwQFBv/EADERAAICAQIEAwcEAgMAAAAAAAABAhEDEiEEMUFRE2FxIoGRobHR8AUUMuHB8SMzUv/aAAwDAQACEQMRAD8A8TpdSeAnBq0UNRHSXKphGnCFFEUD5U4NRIgTxAp0EUCBqXKjG4dE4fhEklljC6tNwPmU2gKZU5E3KtAOzOLO0JP/ACj/ADUU3ZvFtFnDvruAf/SSjSiHfYpmdFLkUhwx2qiiIIL05rRijb0spmmtwZsalZCj4sA4kACySAB3lWTOAzj/AOM+rfzWnRGPNlSbfJFKzDqdmGKtjgHNNObR8lLHhkOCIt3RVtwyf9FVoYAnNgCRxGKsYcdFxwgOlK1OHUGJY5rbazMeQsN9SVGgE7KSfB5T8kO7Dq1kkkIOeA11Y9rj6GlXMxDSaF30LXfHoqZY6ZrhLUt1uQhpClDU6SVo3ISSPfs2M+oUeG30LL082Q4pwYO87IJ7nu5HyBCIlEx+zX8qiOGlP2SfMfmkeKV8n8BJTXQgMTuh8yE5rHcx5iimAp7SkSSK5BmGHii8RBbL5j5KsbMWka6K5diA2MVq5wI31HerqTizK4zWSLj+d/kUzmqJwRLgonhZtJ0CAhNpPISIoWiQBStamtCmYFZQw5jVOyNNjCLiahIkRkKnZh1NCxGRxK5RHjGwEYYLQ9mYqD/EfJAiFXPZ6OifEK3HC2PKNKy3lxUUAaZLAdtTS7UKfAcRw8zssb/e+6WlpPhe6rO1otkQ5hzvkFTcDid9Jgy7+1j9MwzeVWqZYeoqgmrL/tR2eZLG6UNAlYCbA1cBu09dNlhm4XmF7fJhhRvajfhzXjzG6DyS4VaYY4p8yz7O4Vr5GmtW2SPgD6kLSzYekP2FwFtllrm1g8hmd82ru1uMDHCFh96j7SuV1TfGvmnzZd7l0RXojitLuV2NhBpwIPKwQUGYU2IoxjbU4eMhVTVGXLjcpakQR4ewkngy15q54fC0AgnW9OmwQXaSSOAMc91A5qG5NVsPNbMUoTn7LtDTVcP57fUgweGzX0H4ofiYZE3M7QXQ0sk9AEd2JxrcSZm5cuXIQOZBsX616qTtpwOWaEexrOw3l2zCqIB6pXJKb7DYovwbXMzEGMikORpIfr7poE+FFC8Y4c4xue2w5oJ05gbhZwOkikBILJGOBpwIII1ohGYzj2JksF+UHkwBo9d/iq3xMXFpr8+4qrm+ZVs1I8R816N/6fJ5V3LzvDj32fxN+YX0F9AJOyq4fI4XRbCEZ8zyV78KHlr5wKLgRlfoQaI2SyYjBE6TgD+F/wCSz3FwBPOOksw//bkGE/7zJz2E0R7HNTguSLIkSznlW0TM0LTzF+nNVDlc8Id7hHQqzGrdFOd6IqS6MEcFE8I/FsANctx4IKRK47mpNNWgZwTaUrkxLQErVMxQtUzFYSERoyJBxoyJTFbjINhKOicq2NEMtaYwseMqLRhCsOFuGcBUTJCjsFIbDuh1WzhcN5K8n9Cvisy8J+q+pupcDFO1okbdbUSPkjOE8Fw8JzsZT/vElxF9L2WZ4lxBzI4zHJVk3VdBW60fZ7F+1ha+7P1X+I3PyPms+bDTaHi24XewnazjrIonxMcHTvBbQN5AdC53Q1sN15o7wWp7a4D2cwlaKZKL/wCYoO9dD5lZku1o6DQE1dDrSXFjUUWKoo32CxbcDw2KQgGWUF0bT9pz9QT3BuW/Ic1g3SOc4ucS5ziSSdyTuUTxvixxMuei2JoDImfcjbo0eJ3P9ghowuPknrlZlk7YVC1WEDEJh2q0wzEhATh40VLw2KVuWSNsjejmg+nRLho1aYeJAGdZ2REUjZ8JM7DyN+y4e1icDu1zbDqPj06LRmFzmguaGu5gHMPI0LHkEdFEiBEtC4nJdt36kwqHJGY4v2Xw+KblljBNaPHuvb/C78Nl5P2u7JTYFwcf2kDjTJKrXfK8cnfA15D31zKQfGcLFiMPLhpWW2Rjmgira77DwDzBo+SsfERnzVMabjNeZ834Ue+z+Nn9QX1I/DVa+d8V2WxuHkYZISWB7PfZ+0Z9YakjVo8QF9KYw3oBz3UpansLgT3RmMdw+Ak1BHrufZR2b57Lzb/VXBMjZhi2NrLfLeVjW3TW9FkuN4+cYnEATSACacACWQAU92gFqumxMj6zyPfW2Z7nV4WVbqWmkhnNNNJEKaU5NKqaKxpVjwaWiQdiFWqfCvogqYOpWJlhrg4lzOzMCPtCyO9vMfiqx7Vazn6rgeiFxYFnLtp/ceqvyrqU8HNtafz0+xXOCSk96RU0bBzVIxRhPapAIYUTG5BAp7XJ4rchyotI3hEseFTNkKlbMVrhER50i9ZIEdw024EGhet7LMjEORuE4nkaWlpNm9CFu4ZKE7fn9CnPnU4aUarikjfZRi9nO+QR3YvHhkjor0eLaP3m/mL9AsZiuLBzWtDSCCSSSDd7KLDcUdG9sjdHNcHDxBtRmhqm2uRZh4hRxqMj2ftDgPpOFeB9dg9ozrbQbHm2x6LyXES2aGy0sv8AqCXRvZDE6N5GUPLwct7kAc62WSjC4nF5HC8S9/2+ll7y6o0uQREEbEELEEdAFzxAzDtVrhWquw4VrhggCzwrVa4dqrcMrSAoANiapqUMZUmZADZAg5kVI5BTuQADiFDFxSaL6r9OjveHx28k/EOVbiHIugMRxPsWJZnyfSfZtke95uIvylzi41RGmqNwP+kpm/6fEoHnp7KQO82k2rmYoGaSveuq1vn5KxZWuYJLseYY3D+zkkiJsse9hO15XFt/BDlbLiODBeXPYPeJdte++vVC/wC1wHdvxcPkV03ws6328nzIgtStGTKJiw7rFgtvqK+C0rcNEzVrGg9a19UNJlc4WQO87KI8P3ZbGEdVSZr+x/D2NDDQcXAg5gHAgjVpvks7224OMLiC1n/ReA9nRua7jvuINd1LR9lsbHHQe9lCq99u/drqu/1G4jBJAwAEPDnNZYcwuaadYadwCG68rrmU2THsVThLHkbivZ+R5s5MXEpFRQ63HApwKaAla1CIZICngpjWKVsaeLEabOaVI1ObCpWwHotmNoolCQxoUgZ3qRuHPRPEB6LSmV+G+xF7LvS+xPVECB3RIFTxPErDC+r5fnkPHDfNEkLaFImNDsRMa86227ZpqgmJGwIKJGQqCSwgKtMMVUxFWOHcgC5w7lZQvVLBIjopUAW7JE/2qbwtzHj2bjTjJER3tvK5oPWnX5Ik8MAe5rp20CRTA6V58WN2QAFJKg5pFpYcIwfUwcsp6ylsQ9CfwUGOwT3D/wBjE3wxAafhQUEGSnkVdO9EY11OcKqiRWYPqv3hoVXTPUkkMzlQ8Yx2Uho33Ks8diMrSVlpWOcS47ldX9K4TxsniSXsx+b/AK5v3Lk2ZeKy6Y6Vzf0OlxjnCj/hAuxDhoUZ7AofEYax3r0ObFqVrmYcWVw2vYHdOVC96a7RRucuVNm1Nsa+lE4pxKYVjkXRQhSJSkSFyHhSNCSVlHuUuEZbh03KND1aRh8YRMTVNIGNaTlF7DTmpuFYUP8Aed9Xp1/sn8JqWlDpb0LExGQwq9wUMQ+w3zaD81Z/7fA8VlDHcnN92vLYrYuFnVplsMdszccARDYU3ENMbnMcdRz69CFe9soWDCkwRtDwWFxaAHBgsuI661fdapepRbrkaFGoyl26GZ4sQI3kOaKFuFi8o3oKiw0zXC2uB/XMJpkaRR0v0UuEiZGCMgLSb7+nulcnLl8R2c/JPW7CY0RGg3SUfdBczfvHW/15onDzNdsb7uaqEDI0VEUIxExlAB0bkbC9VrHImJ6ALeKRFxzKojkRDJUAXOGxZY5rxu0tcPEG1c4PjOdnsHSugNkxyBxA1+xJXL95ZETJTMgDaswrovfxWJhEe4GWOd7x+7maT56qk47xuOW2QwMij6+zYHu8SB7o7gqF0qhfKgB8siDlkXSSIKfFNDgCf11/X4KzDillyLHDm/z5c35CZMixwc30KbiXFAZMlGhzGuv9vzUjcO46hpI8FWcThaJmubQYb220/wAhaDsjxFjsRHC6nMdJGKOu7gCPAr1/D41gg8fRbLz2tv38/wCjkTn4lT7gv0OT7pQ82Cf0Xu7uE4L/AOiP+ULFdtsDBFIwxtDWObsNBmadfgWpMHHwzT0JNeoh5Vi8A86hpv5qtdEei22IDSaG50HiVZ8S7OwgBzWN0AzaCzQ1eo4rApO06svw8RGMo45ddl+eZ5i5qjK0naLDRsDMjWtsuuueyHw+EYWNJaCSOneVzFgcpuFrb1OroadFAUivJMKz7o9FD9HZ90eib9lLuvmWKDBJhY8E/BmhfVMjdYSudQUUr1+QEmJxFmuQ+as8HjA1rR3LO2jonmh4BJhm3NyoW33CcTxAucSTzodwVtwnjha0tJJo6eHRZaRxs+JRODe6ijBmnHLaXcRyl3Lri/FMzg7ur0P91ew8aBAtYnGPdY80a2V/6K14+JzLJJpLoV6muchs/s3XpWp2/WiiY57NW6tvW7IQhe5HcPD6PIWBZv5Lk/t3mlSVPyLI23UVbJ4cQ137pHjXiCnPw4u6o/ebQP8AdSyYaH3GxyftCDuBTvL7KBw0pYD7xf0Br0tZs2CeKTUunbc0ZuHnhrX17O+lv4f6tB0OMkZQcM7ebhQI8R+h3qzwmKY/6rge7n6Kra5pr7J5LpWE1ZIrYg6jw6+O/eqSk0LHKaN6zuH4jIzR49o3qKDh3kfrxVxBMHAOabB2QBZMkUzZFXtepQ9ABwlXe1QftF3tEAEulUT5FCZFG6RADsTiA0Ek7LHY7ES5/aOFBxoC9gNh+uqn7Q8QLnezaaAPvePIeW/j4Kjkc7MNTpR3XT4RLFHW09Tqq6L+9zNluT09C2xuGmdD7YNOUHcG+7VJ2dBjljf9oSREeOYK04MJ6fDG3O17SMvLqD5JcBhf2sem8sX9QXfXDp5Vll2/H7zlyyvw5w293Y2s/H5mgEvNXGPV4H4qq7T4574gdSWuB8jofwR3aDAgQSEDX3f6mqX6C2aC6+vF6Ej81anjS1JHGg5R0zff7f4sxHDpXOlZ3HP/AC6j40r6bHvzNbZ1zHyH+Qmdm+Hg+0eRtTB47u/BNnr6VlGzYiPM0flSvg1ddTRxLUsjTWyX59TP9pmEZTyJd5bIfCyH2bfD8SrjtM0UzTm/5BVjIcsbDyINep0WDJgSzymuVfDkd/8AT+KeTHFSe/1r+ilxjzndqeXPuUGY9T6lWs2HYTZGviVD9GZ0+JXOnwk3Ju1z7s6WlguG5+SdieSbhufklxPLzVS/6fzuT0IUfFsPAKvRuHk0Hco4eXtEJWQP3PiUZgG6HxUL47NgovDOyik+OMozuhdHcjxrDY8CrSPDnTRVGLxNu8NFZ4PEvflDRbjpQ6q7Dl/5JV5ELEm6K9sG5caaLJPd4dVpOHYXDzREZQGitbII625B8c4MYsMXl4zPkZY103NDqqWAua3LdA61+aSMJ45+1sdjh0uAnpy403KNu/fS+W/d87IuINySHI40CadW6kidmFc90PiiCa6KfD4TPVODaAJJOgSwuWWRzMlybUdt7S7ehGJbOR4sAmjsQfzVj9NyMzZS6q03tVsmVrjrmonWq570rRmMDgFj/axnaTp/L89EVqPxJ4i17Q4aWARfeopJJIzYJb4c/EbHx370MMaGkg6DkeSlGIa5oDiLGpy3V9yxTxyg6kQWWE40DpIKP3mgkebdx8R3q1jmDgHNIIOxBBB81kA2/q6npzFGtvEcksOIew2Dl6kHfxB0d5694VZBsc67OqTCcZB0eKP3mgkebdx5WO9WTJQ4BzSHA7EGwfNSSEF6jvMcvLc/gFDNMGglVsfEJGknQtOoB0vwOxvx0QQ2kXWMwMUv12AnkRoR4EKpd2daHXmLm9PdBA+RR2G4nG/nlPMHT9eaKLlfh4meJ2t12e6EnjjNV9OZpOyWEiazO0Oqms94AEkbn5fFUkkDY8WGVoMQyvAyAj4EIaPFyRnMxxae7Y+I2KSTiZfMyaQAEOjLi0HUNI1rrQ+C7XD/AKpjlN+J7Nr1Xx6e/wCJyX+n5Mbbi7Tv1/v3O/I2PaYt+jSafc/raguy2KBgy0LY4jyPvD5n0TOOcSjkw0hY4OHu7Hb327jkqPsxxAMe9vJzb82/2JW/FDVh272c2n4MrXJ/Y0sWHbGHAVq97/5jfwFBY7AS58S9/X2xHhYr4UrvjPFMsTyDrRA8Tp+KyfCJ6l/4O/BacUa2fNleKLljyT9wZ2n2j8XfIKPCtDoWg9D8yh+0c1hni78F2Cf+zZ4fiVZBpZpRfb7GnHGUcEGud/coeIuc2RzcxoHTU9AhPbO+8fUq7xvDs7i7NV918vFA/wC1v7/5T+a4efhc6yPSnVut/P1PQYOKjOPtSV9egFG+kskhKYuWDVKqvY12IlY8jZcQingscY6Dq0cCAbI39Nk2ODk+dEPZX+dfsMGJPT4pHYg+CcMMXGmg303rz/NRywOaacCD+tjzTz8WO0hqbWpcu4wvV3g8U7BvP3qGbS7J1yqqhZlp7hsQQOtH5J/EcT7WQy+XgqozcXtszVgfgx8RfztV6b2/p7vUtuJdoXzNAc0CiDodBXIfmqrETOvarQhKJbIMtlP4kpXbKOK4jLlmpy3fIiDU8YkgAAaD496ie+/DomJVNx/iUpUOc69VJHMQoUqVSadokkkltc11JicEPfdgTNk8v8g7eICn9v8AeGYe8e/qBfPmNe5BgJ7SqJ4E90IwiQAEjby35jwStmlbqx+V3PmHfxdfHdJGA4EnTKASe6wNvMJxwhGudpaar3lnljlHmiC84e04hmZzwwjQ5LGu5Ou3xRI4ZhxeZ19fe+YaqYyexYGEU4gkHfckXXl8EA/HE83H4dOWvRN4U+dA9nT5mrYcK3QNBP8ACD80j+MxfZaXUculnXyHcs/PFJGGFwDTIwPAuzlLnAE68yHId0jjuT6qxcNLrsQpXyNSMfmJrK0DmXAegJs+QUM2KaAbcC7kGMJH8zqr4rOxvo2Ec14IsLqcFwHD5P5ttrpyT+G/zMfE5MseTpen1uw13EnezdHQ96rNm9DYQkGJcxweNx18KUblE4rtKMcUVGCpLsYa1Nt73zDcdxN8jcpAAsHS0Fh8SY3ZgAdCNe9McVE4rPPLK9V7lkMUVHSlsT43GmSrAFXta6LiLmtDQ0UPFBlNKzviMik5J7lixwrTWwceJu+6Piu/3N33R8UCkUfus3/pk+Dj7EC5KuXKOyEcOAM0d7A5j4RjMfg1SQNrM46uP463+PmmcP3eeYjfXi6o9P5lccS4cWNaWi9SO+96pbuDhdsZuox9X81t80wd+OoNbE2gAAXGtTWrsvjzKqZJC7nYu7OvorqTANZE50rsspHuga0d6/eJ26C1RKMu6fhq+/f4869B+LeWM4rM622Vqku1Lk/W3VdgjGRVGx7TnZWV37ruh7uiAZfJW+A4VPKcrG6uB0JA06myKA3tBSRhpLQQ6tCRsfDuWPJhcXbVfnxK8stbTSrp/r6+RGVziupdSixBtLkq5ACJVyVBAoTgmgJ4ClEHAJ6QJQpIY+J5HmCD3g7hNfEB4fh/Zdac13I7K7Fk0vcWS1KmOlkLqzGyAAPAbKz7OcLE0zI9gbJNchuO69ksOBidG1zbLrI1s9CL1rqrDhpZG8RtIt3uvIse7p7u/M/C+q6TSa9lb9PIyZnp1a5b8633/GVXHcb7WeR4+oCGM6BjBlbXjV+ar7RXE4sk0jOj3ehNj4EIW1yGaY1So61JDLlPdzURKS1MZuElKPNBKKkqZYF3RRkoaGWtDspyuxjzrLHUvec6eN43Q1xUZTyoyqpkoYVxSuTVQx7OTU5IlJI11LqXLCdei37MQZpS+tWgAeJv8q81ecax7Iy3Y5dGtGhNEtJPQabofsbhyXGhrQPmSSPgy1WcawhbiZWkbO8dCARr6LZixXFL3j5OM/buKik5KLab6OUudd6jXz8gZ7nyuzO1PIch3UjWxNjHvZWjcuO9jkKFnrQRfDsIAMx00JJ6Aakqjx2JMjy7ZuzR0H5q7JlWGtK3MWDXJvJJ238/fzJ5+JHK6OK2tdo52z3j7un1W9w35nkq6k6kqwZMksktUnbL5OxuVNyqVNpKyCMhdSeQkIUAMpdSdS6kAIE8JKTqQQKuXJECsVdaRKECh/C8YWkssAOFC/q3+93X81LwqGTOXcwTYzNsHpSrAEThsW5jg4HUUCPvAcj39CteHiJRVdVy+z/w+nLsToxZPZy3XK18vWvpt2LPtRF70co2e3Kf4mf+Jb6KkWkmnixUZY01J9YNOnvNB0HXMCR40s4FVxCWvUuT3+/zKMC0x0N247bfJ+9CLqTqTSqS4aVLDLyPkoymFPjyPHK0ROCmqYUU0pIpb0O64rpKamrRgcHF0xpTSnFNVbA5InJEgwxLSckWI7VGt7F6vLOrGa/y/wDbfxR/aTh49q2Qa5g0O/iA0J6WP6Ss3wLiBiliIF/ZP682+i2eIHtDJyLcrvEAZwPSwt8G1pl5GHiVc2u+lfCzN8fl9nCGD60hr/g3f1ND1WZpW3aeTNO5vJga0eYzH5qqWTPLVNmlR0pIRdS5KqgESJVyCKGrqTk1AUIuS0upBDRyVcnIIG0upKlUCtCUlpKuQFCLqTkiAocwkbafrqkpckJU2FCpCUhKYSoChSUwpSmFSMdaIjffihkoNaqzHk0PyK8mJTXmEFJSVrrFrlt5mDkNpdScuUUB/9k=',0),
											(2,'data:image/jpeg;base64,/9j/4AAQSkZJRgABAQAAAQABAAD/2wCEAAkGBxASEhUPEBAVDxUVDxAQEBAPFRUQEBUVFRUWFhUVFhYYHSggGBolGxUVITEhJSkrLy4uFx8zODMsNygtLisBCgoKDg0NDw0PDyslFRkrKy4sNy03Ny0uKzcrNzc3KzcrNTc4LC03Nzg3KysrKysrNzcrNy0tNzI3KysrNzgrMv/AABEIAOEA4QMBIgACEQEDEQH/xAAcAAEAAQUBAQAAAAAAAAAAAAAABAIDBQYHAQj/xABBEAACAgEBBAYHBAgGAgMAAAAAAQIDEQQFEiExBgcTQWHwIjJRcYGRoUJygrEUUnOSosHR4SRDYrLC8TM0I1Nk/8QAFwEBAQEBAAAAAAAAAAAAAAAAAAECA//EAB0RAQEBAQABBQAAAAAAAAAAAAABEQIDBCIxQWH/2gAMAwEAAhEDEQA/AO4gAAAAAAAAAAAAAAAAAAAAAAAAAAAAAAAAAAAAAAAAAAAAAAAAAAAAAAAAAAAAAAAAAAAAAAAAAAAAAAAjbR1XZwc+L9KEFhb3GclFPGVlJtN8VwTNf1F+q08J6izU9t2eJW0SqjXBw+12bXpJpZxlvOOJsGtUXHckm8/q80000145xj3GJektlJStuc61/lKmC7RcVu2Nt5XwRyvq/Hx1Ob5JMvulm7Py5cLzb9M9F54npRVPKzjHP6PBWdOep1J1PigACgDResDphdpLK6NPubzg7LXNb2E3iCXHhyk/ka9R1l677UKJfgmn9JgdbBzSjrLu+1poP7s5R/NMyFHWNF+tpWvu2KX5xQG9g1Onp5p3zqtXuUH/AMidV0u0r75x98H/ACyBngYyvpBpXyt+cZL80X47UofK6HxaX5gTAWY6qt8rIv3STLqknyefcB6AAAAAAAAAAAAAAAAAAB5g9AAAADyUkll8EuLbPTVusra36PoZpPE7mtPD8ae+/wBxS+OAORdIdqPVam3UZ4Tse54QXow/hSI1ZFgSaiql1InUoh0on0IqplETIUwIuniZCiIEimBLrrKKYkyuIFMaz3cxy4F9RPXEiLHbWLlOS90miiW0r1yun8Xn8y5NEW1AVvb+qX+bn3xi/wCRQ+luqj/9cvvRf8miFciDcBm106vXrVVy929H+bK11iNetpV+G3+sDU7iFaDG/Q6yKPtaexfdcJfm0ZbYHTHTaux0VqcJ7jsUbVFbyTSluuMnyyvn78chsNy6pdn71t+ra9WMdNW/F4nZ+VYR00AEAAAAAAAAAAADjPW3tbtdXHTxfo0Qw/2lmJS+UdxfM69tHWQpqsvs4RrrnZL3RTb/ACPmvVauVtk7pv0rLJWSxx4yeX+YFcSTSRq/OSVUaaTqDIUGPoMhQBktOjJadGNoZkaGBkKUS6yHSyXBgX0GUpnkpAUWES0v2SItsgIlzINxLtkQrpAQrmQ7SVcyHawIl8sJv2LJ2PoJs3sNDTBrEpR7az271npYfik0vgcn2Xof0jUU6fmrLY7/ANyPpT/hTO7JEqV6ACIAAAAAAAAAADn3XJtfs9LDSxfpX2el+zrxKXzk4LxWTj1fnuNi6ydr/pOvtaeYVf4avv8AUb33j77lx9iRrkPOSxYk1+cEusiV+e5Eul+UVU2gyFDMbUydRIDK0MyFEjE0yJ9MwMrVMlQmY2qZIjYBN3zyUyPvlMrCCuyZjtoa+qpb1tsKl7bJRgvqyXtTQ3fo9koWxotdcuwc0penjhlf2fu4YfGtbszSU2OzausnrNQ36Wm07c5Z/VlN8ua4ej4DUdAs6TaFvC1dLfJYmi9OxNZTynxTXFYNP0O0b4pLR7Lq0cG1GNmpl2bl3LPKUn8WbLVKzcj2ri549Ps01DP+nebeO7+gg8ukQ7WX7ZES6eE34ZKrceqzQb99upa4VwVUPZvT4ya8Ulj8R041vq+2d2OirysSszfPx3/V/hUTZDLIAAAAAAAAAABh+l211pNHdqe+FbVaffZL0a1+80Zg5L14bY406GL/AP02r5wqXj/mPHhEDl8W335fNvvb73ll6HnvLEfOeH0L8POeCNNJEH5fElVvyyHW/PJEqtgTq2SqZEGuXnmSa5AZOmZNqmYqqZLrsAytdhfjaYyFhejYBko38MP3+KZk67N6UdxRU3BS35ccLlwXezXO1PXqHw48m2vaviZsGY1GvhCTxF2TXOy5cV92Hcat0q0Fl0LtZpoWK6FUpWToVKtswkopTde8sLLxF5a+BnIbafBW1xvS5b6SkvxYLW0duSnHs64qmHfGPN/FJYXgMRz/AKH7BnD/ABmrcp3yXoKxuUoRfe2/tNP4L3s2O2ZVZMjWTKKLJHmg0jvuqoX+ZbGLa7lni/gWpyNq6rtB2mqne1wpr3Y/fs4f7d75AdUrgopRisJJJJdyXBIqAIgAAAAAAAAAAPJNLi+HtbPmTpTth6zWXanOYzsar/Zx9Gvny9FJ+9s7d1p7a/Rdn27rxO7Gmr9ubE99r3QU378Hz1Dz/wBFixfh5xxfzL0PP2mWIvy/5IvR8/2RVSIPzzZfg/PMjRfnl8kX4PzyQEut+WSYyIUH55EiuQE2uZJrsMfCRfhMDIwsLqsMfGwuKwCb2p47CJ2h47AJMrCzKwtOwtysArnMsTmeSmWZyA8snjizrfVps/stFGcliV0pXP3PhFe7Cz+I5HRRK2yuiPrWWQrX4n3+B9BaWiNcI1xWIwhGEV4RWF9ESpV0AEQAAAAAAAAANf6WdL9Ls+Kd0nKck3XRWs2S8fZGOe9+zvA5b14bWlPWV6XDUKad7inFSnbhtrPCSUVBZXe5I57Dz/2bV046fX7R09mltoqhCVkJ1OO+7K3Fp+s3iTays4XrGn7FSrjZC2Cs39zcm9/frcd7O7iSXHKzlPkiqmQflcPqy9DzjgvmyzZGCTlCbk/1Zbv/ACx+ZZWpmvSlXwXObyln2LP5ooyMH5XD6vvL0X3/AFX9WYyjalb7/fj0/qs4JlWpg+U037M8fqQTYPz/AHZfhLz/AHI0X55/2wXIPzzKqUpFyMyNGXnmVKQEyNhcUyGplamBK7QdoRt8b4F5zKHMtuZQ5gVykWpSPJSLcpAZ3oTrKKtZG/UScYVwk4tRlP05LCyor2POfA63pulWgs9XVVrwnLsn8p4OD6N+jn9Z5/oX8kR9D1XRkswkpr2xakvmis+dYWOLzFuL9sXuv5on0dKNdX6mrtXhKXaL5TyhhjvYOK0dZe0Yes6rv2leH/A4mV0vW9JcLtEn7ZVW4/hlH+ZEdVBpuxOsjR6myFKhdVOc1CPaRi4uT4Jb0ZM3IAAAByDrx2BqrLKtbTXKyuuh13OvjKGJuSk4rju+k+Pd34OvgD5AlqJJZ9b4Z/LiyuGshyaxz5H0ttPoDsq9uVmirjKTzKdOaJN+1utrL95qm0+pTRyy9PqbqH3Rnu31r3LEX9S6uuNRug+Uvg/7ZLkYfqvj/pfH+pue0epbaFbzRZRqEljGZUza9m604/xGravobtLS/wDl0N6Syswj28FxzxlXlICLZXn1kpezfim/m1ktS00ePo7v3X9cSyiP+kWqeE1u5WYttSXc+HzJS1XFJxznvS4fFrkBRCpx4Qscfem/9skn8iVLVWxxuz7XgsuSiuPgm44+bLc9RWsbz3c8uK/n/UuRUXxUl5+gFyG15r/yVY8eOPhwcfqTNJtOFmElJPu3l/Tly7zHql84/OLz+Rbsqy8yipPn6cVJ/NrIGxJnqmao7bIerKUfCM5Y+U95fQvV7XuX2lL78P8AlBr/AGjTWzbwczB17c/WrX4Jr8pqJKjter7TlX9+Mkv3sY+oGRcjxyI9WphP1Jxn92Sf5FbZVVORH1VmIvx4f1+mStsx+07lybS4d8t3Oe5P24T+ZEXadtQwlKLXDlxz8E0skqvaVUllN/FP+RhKapz9GtTx3vejOHuzJZMlpNhLhKzEn7IrC+fN/QDIV2xl6slL24eSrs2yl21VLCxw7o4SXvfIgW7WlNxhVFz33hKtN9+Me1v2JcyibbCK9Z/DvLNNbskoVQc5NpJc+L+iNv6LdWmrvfa6zOlreN2t8bmvGK9XPi0/A6rsLo5pdJFKipReMOx8bH7ePdn2LCIa1PoD0B7Bw1mre/djerpx6FWeTeeMp49yWeWVk6EARAAAAAAAAAAAQdp7H02oW7qdPVqF3K6uNmPdvLgaptLqn2TblxqnppP7WnskkvdCe9FfBG8gDje1OpFv/wBfWqa7oaqrP8cHw/dNZ1nVltfTrEdNC+Kzx01kXhfdnuv5I+igB8hWVaiq+ULU4YlJSrs9GcfwviuJkI3ePz4/mfUus0NN0dy6qF0f1bYRsj8pI1jaPVrsm3j+jdi+56ecqkvwJ7n0Lq6+fJuNkfRxz9ZeHMiTqw8byzhtLOHhc+eEdqu6k9Lx7LWX15e8t6Nc+P8Aqwo5XgsGubZ6l9dGW9ptTVelLeSt3qbOWOCxKL9nNJgc1nRLHfj2rivmi1GLXFZz4PH1Rm9r9Ddp6PErtHZCKm8TrxbXh5bTlW3iPPDeMMwkdU+HHfSk16SUm4+zPdJe/iEeNt8ZJS8ZpN/vPj9S7Xq5R9WUo/dnLHynvL6FLk3FyWMxeHu+q0+Uknlr2NFrtfD5cCCVHbGpi+UbFnnJYlj8OF9DN7MrrtXazcW85cVJ7q7llPD7u9GsOzJlNlTxHHFtzW7BZbbaS4LvZVjYLddXBcOOPhHz7jFaja07H2cE5NvdUIJtt8OCiuL5po27o51V67VyVuqf6DU3lRks6hrOViH2Ob9bDWeTOu9F+hmh0Ef8NSt/GJX2endL8Xd7o4XgDXKujPVhrdVFS1mNHVJJyhJb98l3rc5Q/F8mdY6NdEdFoY409KUsYd0/Stf4vsrwjheBnQRAAAAAAAAAAAAAAAAAAAAAAAAAAADF7U6O6LU/+xpKbn+tZXGUl7pYyvgzKADQNpdUOyrMuuNulbec02OS+Vu8kvBYNW2j1JWJt0auuxfZhfW6mvfODln91HaABw/ZfUvqHL/57KqI73pODlfNr/Smkl72/gdQ6M9DdDoVmirNmMO+3E7n7fS+yvCKSNgAAAAAAAAAAAAAAAAAAAAAAAAAAAAAAAAAAAAAAAAAAAAAAAAAAAAAAAAAAAAAAAAAAAAAAAAAAAAAAAAAAAAAAAAAAAAAAAAAAAAAAAAAAAAAAAAAAAAAAAAAAAAAAAAAAAAAAB//2Q==',0),
											(2,'data:image/jpeg;base64,/9j/4AAQSkZJRgABAQAAAQABAAD/2wCEAAkGBxASEhIQEhAVERAWFRAVFRUVEA8QFRYWFRYWFxUVFRUYHSggGBolHRcVITEhJSkrLi4uFx8zODMtNygtLisBCgoKDg0OGhAQGi0lICYtLS0tLS0tLS0tLS0vLS0tLS8tLS0tLS0tLS0tLS0tLS0tLS0tLS0tLS0tLS0tLS0tLf/AABEIAL4BCgMBIgACEQEDEQH/xAAcAAABBQEBAQAAAAAAAAAAAAAEAQIDBQYABwj/xABBEAABBAAEAwUEBwcDAwUAAAABAAIDEQQSITEFQVEGYXGBkRMiobEUMkJSwdHwI2JykrLh8QcVgjPC4hY0Q1Oi/8QAGgEAAgMBAQAAAAAAAAAAAAAAAAIBAwQFBv/EADERAAICAQIEAwcEAgMAAAAAAAABAhEDEiEEMUFRE2FxIoGRobHR8AUUMuHB8SMzUv/aAAwDAQACEQMRAD8A8TpdSeAnBq0UNRHSXKphGnCFFEUD5U4NRIgTxAp0EUCBqXKjG4dE4fhEklljC6tNwPmU2gKZU5E3KtAOzOLO0JP/ACj/ADUU3ZvFtFnDvruAf/SSjSiHfYpmdFLkUhwx2qiiIIL05rRijb0spmmtwZsalZCj4sA4kACySAB3lWTOAzj/AOM+rfzWnRGPNlSbfJFKzDqdmGKtjgHNNObR8lLHhkOCIt3RVtwyf9FVoYAnNgCRxGKsYcdFxwgOlK1OHUGJY5rbazMeQsN9SVGgE7KSfB5T8kO7Dq1kkkIOeA11Y9rj6GlXMxDSaF30LXfHoqZY6ZrhLUt1uQhpClDU6SVo3ISSPfs2M+oUeG30LL082Q4pwYO87IJ7nu5HyBCIlEx+zX8qiOGlP2SfMfmkeKV8n8BJTXQgMTuh8yE5rHcx5iimAp7SkSSK5BmGHii8RBbL5j5KsbMWka6K5diA2MVq5wI31HerqTizK4zWSLj+d/kUzmqJwRLgonhZtJ0CAhNpPISIoWiQBStamtCmYFZQw5jVOyNNjCLiahIkRkKnZh1NCxGRxK5RHjGwEYYLQ9mYqD/EfJAiFXPZ6OifEK3HC2PKNKy3lxUUAaZLAdtTS7UKfAcRw8zssb/e+6WlpPhe6rO1otkQ5hzvkFTcDid9Jgy7+1j9MwzeVWqZYeoqgmrL/tR2eZLG6UNAlYCbA1cBu09dNlhm4XmF7fJhhRvajfhzXjzG6DyS4VaYY4p8yz7O4Vr5GmtW2SPgD6kLSzYekP2FwFtllrm1g8hmd82ru1uMDHCFh96j7SuV1TfGvmnzZd7l0RXojitLuV2NhBpwIPKwQUGYU2IoxjbU4eMhVTVGXLjcpakQR4ewkngy15q54fC0AgnW9OmwQXaSSOAMc91A5qG5NVsPNbMUoTn7LtDTVcP57fUgweGzX0H4ofiYZE3M7QXQ0sk9AEd2JxrcSZm5cuXIQOZBsX616qTtpwOWaEexrOw3l2zCqIB6pXJKb7DYovwbXMzEGMikORpIfr7poE+FFC8Y4c4xue2w5oJ05gbhZwOkikBILJGOBpwIII1ohGYzj2JksF+UHkwBo9d/iq3xMXFpr8+4qrm+ZVs1I8R816N/6fJ5V3LzvDj32fxN+YX0F9AJOyq4fI4XRbCEZ8zyV78KHlr5wKLgRlfoQaI2SyYjBE6TgD+F/wCSz3FwBPOOksw//bkGE/7zJz2E0R7HNTguSLIkSznlW0TM0LTzF+nNVDlc8Id7hHQqzGrdFOd6IqS6MEcFE8I/FsANctx4IKRK47mpNNWgZwTaUrkxLQErVMxQtUzFYSERoyJBxoyJTFbjINhKOicq2NEMtaYwseMqLRhCsOFuGcBUTJCjsFIbDuh1WzhcN5K8n9Cvisy8J+q+pupcDFO1okbdbUSPkjOE8Fw8JzsZT/vElxF9L2WZ4lxBzI4zHJVk3VdBW60fZ7F+1ha+7P1X+I3PyPms+bDTaHi24XewnazjrIonxMcHTvBbQN5AdC53Q1sN15o7wWp7a4D2cwlaKZKL/wCYoO9dD5lZku1o6DQE1dDrSXFjUUWKoo32CxbcDw2KQgGWUF0bT9pz9QT3BuW/Ic1g3SOc4ucS5ziSSdyTuUTxvixxMuei2JoDImfcjbo0eJ3P9ghowuPknrlZlk7YVC1WEDEJh2q0wzEhATh40VLw2KVuWSNsjejmg+nRLho1aYeJAGdZ2REUjZ8JM7DyN+y4e1icDu1zbDqPj06LRmFzmguaGu5gHMPI0LHkEdFEiBEtC4nJdt36kwqHJGY4v2Xw+KblljBNaPHuvb/C78Nl5P2u7JTYFwcf2kDjTJKrXfK8cnfA15D31zKQfGcLFiMPLhpWW2Rjmgira77DwDzBo+SsfERnzVMabjNeZ834Ue+z+Nn9QX1I/DVa+d8V2WxuHkYZISWB7PfZ+0Z9YakjVo8QF9KYw3oBz3UpansLgT3RmMdw+Ak1BHrufZR2b57Lzb/VXBMjZhi2NrLfLeVjW3TW9FkuN4+cYnEATSACacACWQAU92gFqumxMj6zyPfW2Z7nV4WVbqWmkhnNNNJEKaU5NKqaKxpVjwaWiQdiFWqfCvogqYOpWJlhrg4lzOzMCPtCyO9vMfiqx7Vazn6rgeiFxYFnLtp/ceqvyrqU8HNtafz0+xXOCSk96RU0bBzVIxRhPapAIYUTG5BAp7XJ4rchyotI3hEseFTNkKlbMVrhER50i9ZIEdw024EGhet7LMjEORuE4nkaWlpNm9CFu4ZKE7fn9CnPnU4aUarikjfZRi9nO+QR3YvHhkjor0eLaP3m/mL9AsZiuLBzWtDSCCSSSDd7KLDcUdG9sjdHNcHDxBtRmhqm2uRZh4hRxqMj2ftDgPpOFeB9dg9ozrbQbHm2x6LyXES2aGy0sv8AqCXRvZDE6N5GUPLwct7kAc62WSjC4nF5HC8S9/2+ll7y6o0uQREEbEELEEdAFzxAzDtVrhWquw4VrhggCzwrVa4dqrcMrSAoANiapqUMZUmZADZAg5kVI5BTuQADiFDFxSaL6r9OjveHx28k/EOVbiHIugMRxPsWJZnyfSfZtke95uIvylzi41RGmqNwP+kpm/6fEoHnp7KQO82k2rmYoGaSveuq1vn5KxZWuYJLseYY3D+zkkiJsse9hO15XFt/BDlbLiODBeXPYPeJdte++vVC/wC1wHdvxcPkV03ws6328nzIgtStGTKJiw7rFgtvqK+C0rcNEzVrGg9a19UNJlc4WQO87KI8P3ZbGEdVSZr+x/D2NDDQcXAg5gHAgjVpvks7224OMLiC1n/ReA9nRua7jvuINd1LR9lsbHHQe9lCq99u/drqu/1G4jBJAwAEPDnNZYcwuaadYadwCG68rrmU2THsVThLHkbivZ+R5s5MXEpFRQ63HApwKaAla1CIZICngpjWKVsaeLEabOaVI1ObCpWwHotmNoolCQxoUgZ3qRuHPRPEB6LSmV+G+xF7LvS+xPVECB3RIFTxPErDC+r5fnkPHDfNEkLaFImNDsRMa86227ZpqgmJGwIKJGQqCSwgKtMMVUxFWOHcgC5w7lZQvVLBIjopUAW7JE/2qbwtzHj2bjTjJER3tvK5oPWnX5Ik8MAe5rp20CRTA6V58WN2QAFJKg5pFpYcIwfUwcsp6ylsQ9CfwUGOwT3D/wBjE3wxAafhQUEGSnkVdO9EY11OcKqiRWYPqv3hoVXTPUkkMzlQ8Yx2Uho33Ks8diMrSVlpWOcS47ldX9K4TxsniSXsx+b/AK5v3Lk2ZeKy6Y6Vzf0OlxjnCj/hAuxDhoUZ7AofEYax3r0ObFqVrmYcWVw2vYHdOVC96a7RRucuVNm1Nsa+lE4pxKYVjkXRQhSJSkSFyHhSNCSVlHuUuEZbh03KND1aRh8YRMTVNIGNaTlF7DTmpuFYUP8Aed9Xp1/sn8JqWlDpb0LExGQwq9wUMQ+w3zaD81Z/7fA8VlDHcnN92vLYrYuFnVplsMdszccARDYU3ENMbnMcdRz69CFe9soWDCkwRtDwWFxaAHBgsuI661fdapepRbrkaFGoyl26GZ4sQI3kOaKFuFi8o3oKiw0zXC2uB/XMJpkaRR0v0UuEiZGCMgLSb7+nulcnLl8R2c/JPW7CY0RGg3SUfdBczfvHW/15onDzNdsb7uaqEDI0VEUIxExlAB0bkbC9VrHImJ6ALeKRFxzKojkRDJUAXOGxZY5rxu0tcPEG1c4PjOdnsHSugNkxyBxA1+xJXL95ZETJTMgDaswrovfxWJhEe4GWOd7x+7maT56qk47xuOW2QwMij6+zYHu8SB7o7gqF0qhfKgB8siDlkXSSIKfFNDgCf11/X4KzDillyLHDm/z5c35CZMixwc30KbiXFAZMlGhzGuv9vzUjcO46hpI8FWcThaJmubQYb220/wAhaDsjxFjsRHC6nMdJGKOu7gCPAr1/D41gg8fRbLz2tv38/wCjkTn4lT7gv0OT7pQ82Cf0Xu7uE4L/AOiP+ULFdtsDBFIwxtDWObsNBmadfgWpMHHwzT0JNeoh5Vi8A86hpv5qtdEei22IDSaG50HiVZ8S7OwgBzWN0AzaCzQ1eo4rApO06svw8RGMo45ddl+eZ5i5qjK0naLDRsDMjWtsuuueyHw+EYWNJaCSOneVzFgcpuFrb1OroadFAUivJMKz7o9FD9HZ90eib9lLuvmWKDBJhY8E/BmhfVMjdYSudQUUr1+QEmJxFmuQ+as8HjA1rR3LO2jonmh4BJhm3NyoW33CcTxAucSTzodwVtwnjha0tJJo6eHRZaRxs+JRODe6ijBmnHLaXcRyl3Lri/FMzg7ur0P91ew8aBAtYnGPdY80a2V/6K14+JzLJJpLoV6muchs/s3XpWp2/WiiY57NW6tvW7IQhe5HcPD6PIWBZv5Lk/t3mlSVPyLI23UVbJ4cQ137pHjXiCnPw4u6o/ebQP8AdSyYaH3GxyftCDuBTvL7KBw0pYD7xf0Br0tZs2CeKTUunbc0ZuHnhrX17O+lv4f6tB0OMkZQcM7ebhQI8R+h3qzwmKY/6rge7n6Kra5pr7J5LpWE1ZIrYg6jw6+O/eqSk0LHKaN6zuH4jIzR49o3qKDh3kfrxVxBMHAOabB2QBZMkUzZFXtepQ9ABwlXe1QftF3tEAEulUT5FCZFG6RADsTiA0Ek7LHY7ES5/aOFBxoC9gNh+uqn7Q8QLnezaaAPvePIeW/j4Kjkc7MNTpR3XT4RLFHW09Tqq6L+9zNluT09C2xuGmdD7YNOUHcG+7VJ2dBjljf9oSREeOYK04MJ6fDG3O17SMvLqD5JcBhf2sem8sX9QXfXDp5Vll2/H7zlyyvw5w293Y2s/H5mgEvNXGPV4H4qq7T4574gdSWuB8jofwR3aDAgQSEDX3f6mqX6C2aC6+vF6Ej81anjS1JHGg5R0zff7f4sxHDpXOlZ3HP/AC6j40r6bHvzNbZ1zHyH+Qmdm+Hg+0eRtTB47u/BNnr6VlGzYiPM0flSvg1ddTRxLUsjTWyX59TP9pmEZTyJd5bIfCyH2bfD8SrjtM0UzTm/5BVjIcsbDyINep0WDJgSzymuVfDkd/8AT+KeTHFSe/1r+ilxjzndqeXPuUGY9T6lWs2HYTZGviVD9GZ0+JXOnwk3Ju1z7s6WlguG5+SdieSbhufklxPLzVS/6fzuT0IUfFsPAKvRuHk0Hco4eXtEJWQP3PiUZgG6HxUL47NgovDOyik+OMozuhdHcjxrDY8CrSPDnTRVGLxNu8NFZ4PEvflDRbjpQ6q7Dl/5JV5ELEm6K9sG5caaLJPd4dVpOHYXDzREZQGitbII625B8c4MYsMXl4zPkZY103NDqqWAua3LdA61+aSMJ45+1sdjh0uAnpy403KNu/fS+W/d87IuINySHI40CadW6kidmFc90PiiCa6KfD4TPVODaAJJOgSwuWWRzMlybUdt7S7ehGJbOR4sAmjsQfzVj9NyMzZS6q03tVsmVrjrmonWq570rRmMDgFj/axnaTp/L89EVqPxJ4i17Q4aWARfeopJJIzYJb4c/EbHx370MMaGkg6DkeSlGIa5oDiLGpy3V9yxTxyg6kQWWE40DpIKP3mgkebdx8R3q1jmDgHNIIOxBBB81kA2/q6npzFGtvEcksOIew2Dl6kHfxB0d5694VZBsc67OqTCcZB0eKP3mgkebdx5WO9WTJQ4BzSHA7EGwfNSSEF6jvMcvLc/gFDNMGglVsfEJGknQtOoB0vwOxvx0QQ2kXWMwMUv12AnkRoR4EKpd2daHXmLm9PdBA+RR2G4nG/nlPMHT9eaKLlfh4meJ2t12e6EnjjNV9OZpOyWEiazO0Oqms94AEkbn5fFUkkDY8WGVoMQyvAyAj4EIaPFyRnMxxae7Y+I2KSTiZfMyaQAEOjLi0HUNI1rrQ+C7XD/AKpjlN+J7Nr1Xx6e/wCJyX+n5Mbbi7Tv1/v3O/I2PaYt+jSafc/raguy2KBgy0LY4jyPvD5n0TOOcSjkw0hY4OHu7Hb327jkqPsxxAMe9vJzb82/2JW/FDVh272c2n4MrXJ/Y0sWHbGHAVq97/5jfwFBY7AS58S9/X2xHhYr4UrvjPFMsTyDrRA8Tp+KyfCJ6l/4O/BacUa2fNleKLljyT9wZ2n2j8XfIKPCtDoWg9D8yh+0c1hni78F2Cf+zZ4fiVZBpZpRfb7GnHGUcEGud/coeIuc2RzcxoHTU9AhPbO+8fUq7xvDs7i7NV918vFA/wC1v7/5T+a4efhc6yPSnVut/P1PQYOKjOPtSV9egFG+kskhKYuWDVKqvY12IlY8jZcQingscY6Dq0cCAbI39Nk2ODk+dEPZX+dfsMGJPT4pHYg+CcMMXGmg303rz/NRywOaacCD+tjzTz8WO0hqbWpcu4wvV3g8U7BvP3qGbS7J1yqqhZlp7hsQQOtH5J/EcT7WQy+XgqozcXtszVgfgx8RfztV6b2/p7vUtuJdoXzNAc0CiDodBXIfmqrETOvarQhKJbIMtlP4kpXbKOK4jLlmpy3fIiDU8YkgAAaD496ie+/DomJVNx/iUpUOc69VJHMQoUqVSadokkkltc11JicEPfdgTNk8v8g7eICn9v8AeGYe8e/qBfPmNe5BgJ7SqJ4E90IwiQAEjby35jwStmlbqx+V3PmHfxdfHdJGA4EnTKASe6wNvMJxwhGudpaar3lnljlHmiC84e04hmZzwwjQ5LGu5Ou3xRI4ZhxeZ19fe+YaqYyexYGEU4gkHfckXXl8EA/HE83H4dOWvRN4U+dA9nT5mrYcK3QNBP8ACD80j+MxfZaXUculnXyHcs/PFJGGFwDTIwPAuzlLnAE68yHId0jjuT6qxcNLrsQpXyNSMfmJrK0DmXAegJs+QUM2KaAbcC7kGMJH8zqr4rOxvo2Ec14IsLqcFwHD5P5ttrpyT+G/zMfE5MseTpen1uw13EnezdHQ96rNm9DYQkGJcxweNx18KUblE4rtKMcUVGCpLsYa1Nt73zDcdxN8jcpAAsHS0Fh8SY3ZgAdCNe9McVE4rPPLK9V7lkMUVHSlsT43GmSrAFXta6LiLmtDQ0UPFBlNKzviMik5J7lixwrTWwceJu+6Piu/3N33R8UCkUfus3/pk+Dj7EC5KuXKOyEcOAM0d7A5j4RjMfg1SQNrM46uP463+PmmcP3eeYjfXi6o9P5lccS4cWNaWi9SO+96pbuDhdsZuox9X81t80wd+OoNbE2gAAXGtTWrsvjzKqZJC7nYu7OvorqTANZE50rsspHuga0d6/eJ26C1RKMu6fhq+/f4869B+LeWM4rM622Vqku1Lk/W3VdgjGRVGx7TnZWV37ruh7uiAZfJW+A4VPKcrG6uB0JA06myKA3tBSRhpLQQ6tCRsfDuWPJhcXbVfnxK8stbTSrp/r6+RGVziupdSixBtLkq5ACJVyVBAoTgmgJ4ClEHAJ6QJQpIY+J5HmCD3g7hNfEB4fh/Zdac13I7K7Fk0vcWS1KmOlkLqzGyAAPAbKz7OcLE0zI9gbJNchuO69ksOBidG1zbLrI1s9CL1rqrDhpZG8RtIt3uvIse7p7u/M/C+q6TSa9lb9PIyZnp1a5b8633/GVXHcb7WeR4+oCGM6BjBlbXjV+ar7RXE4sk0jOj3ehNj4EIW1yGaY1So61JDLlPdzURKS1MZuElKPNBKKkqZYF3RRkoaGWtDspyuxjzrLHUvec6eN43Q1xUZTyoyqpkoYVxSuTVQx7OTU5IlJI11LqXLCdei37MQZpS+tWgAeJv8q81ecax7Iy3Y5dGtGhNEtJPQabofsbhyXGhrQPmSSPgy1WcawhbiZWkbO8dCARr6LZixXFL3j5OM/buKik5KLab6OUudd6jXz8gZ7nyuzO1PIch3UjWxNjHvZWjcuO9jkKFnrQRfDsIAMx00JJ6Aakqjx2JMjy7ZuzR0H5q7JlWGtK3MWDXJvJJ238/fzJ5+JHK6OK2tdo52z3j7un1W9w35nkq6k6kqwZMksktUnbL5OxuVNyqVNpKyCMhdSeQkIUAMpdSdS6kAIE8JKTqQQKuXJECsVdaRKECh/C8YWkssAOFC/q3+93X81LwqGTOXcwTYzNsHpSrAEThsW5jg4HUUCPvAcj39CteHiJRVdVy+z/w+nLsToxZPZy3XK18vWvpt2LPtRF70co2e3Kf4mf+Jb6KkWkmnixUZY01J9YNOnvNB0HXMCR40s4FVxCWvUuT3+/zKMC0x0N247bfJ+9CLqTqTSqS4aVLDLyPkoymFPjyPHK0ROCmqYUU0pIpb0O64rpKamrRgcHF0xpTSnFNVbA5InJEgwxLSckWI7VGt7F6vLOrGa/y/wDbfxR/aTh49q2Qa5g0O/iA0J6WP6Ss3wLiBiliIF/ZP682+i2eIHtDJyLcrvEAZwPSwt8G1pl5GHiVc2u+lfCzN8fl9nCGD60hr/g3f1ND1WZpW3aeTNO5vJga0eYzH5qqWTPLVNmlR0pIRdS5KqgESJVyCKGrqTk1AUIuS0upBDRyVcnIIG0upKlUCtCUlpKuQFCLqTkiAocwkbafrqkpckJU2FCpCUhKYSoChSUwpSmFSMdaIjffihkoNaqzHk0PyK8mJTXmEFJSVrrFrlt5mDkNpdScuUUB/9k=',0),
											(3,'data:image/jpeg;base64,/9j/4AAQSkZJRgABAQAAAQABAAD/2wCEAAkGBxATEBUSEhIVFRUVFRUVFRYVFRUVGBUVFRYWFhcVFxcYHSggGBolHRUVITEhJikrLi4uFx8zODMtNygtLisBCgoKDg0OGBAQGjclHR8vLS0tNTAwMjAuLy0tLy0rLTctKzctNTcwKy0tLS0tKy81LS0wLTgtLTgtLy8rNSstK//AABEIALcBEwMBIgACEQEDEQH/xAAcAAEAAQUBAQAAAAAAAAAAAAAABAECAwUHBgj/xABEEAACAgEBBAcFAwoEBQUAAAABAgADEQQFEiExBxNBUWFxgQYiMpGhQnKxFCMzUoKSorLB8HOD0eEkQ5PC8RVEU2Oz/8QAGAEBAQEBAQAAAAAAAAAAAAAAAAECAwT/xAAoEQEBAAIBAQUJAQAAAAAAAAAAAQIRMSESUWHR8AMTMkGBkaHh8SL/2gAMAwEAAhEDEQA/AO4xEQEREBERAREQEREBERAREQEREBERAREtewDiSB5nEC6JCs2tpl+K+oediD8TMD+0eiH/ALmo/dcN/LmBtImkf2s0I/52fKu0/gsxN7X6TsLt5IR/NiB6CJ5pvbOjsqtPpWP++bLYu2U1AbdUqVxkNjkc4Ix5GBs4iICIiAiIgIiICIiAiIgIiICIiAmg1Xttsqtir6/TBlJDDrkJBHAggHIPhN7YuQRxGQRkcxnunyRt/ZjabVW0NzrsZfPBPHygfRV/SfsVOesU/cS2z+RDINvS/sYcrrW8qLh/MonzniMQO/X9NezR8NOqfyrqH81gkG3py032NHefvPUv4FpxACXAQOv3dOb/AGNnr4FtSfwFX9ZFs6bNYfh0tC/eax/w3Zy0CZVWB0Gzpf2q3JdMo8KrCfmbDMFnSZtduWoVPuU1f9ymeLQSTWsD049t9qt8WssPkK1/lUS07f1zfFq9R6XWD8GmmpWTqBAmjU3N8Vtjfed2/EzLVQuc4Ge/EsqSTKYGamuS66piqEl1wL665nRJaomVTAuCzaezmq6rUKfst7jeTcvriawNLWaB1WJA2HreuoR+3GG+8vA/Pn6yfAREQEREBERAREQEREBERAREQE4R07bF6vVpqVHC5MN99MKfpufWd3njOlnY/wCUbNsIHvUkWjyHB/TdJP7IgfNeIxLyspiBQS4CAJeBAqomVBLAJmQQMlYkqtZgrkmuBJqEm0yHWZLqMCdSZMqMgVNJKNAnoZJreQK7JlDwNilkydZNeLZd10Cd1stNshG6WNdA9t7BbRxY9JPBhvr95eDD1GD+zPcTimh2karUtXmjBsd47V9Rkes7RRarqrqcqwDA94IyDAviIgIiICIiAiIgIiICIiAiIgJZfUrqyMMqwKsO8EYI+UviB8ne1OzW02stpP2XYce3BwD6jB9ZrAZ1Tp32Nu316lRwsXDfeTCnP7JT90zlBEDNiVAmFbMTOjAwL1mVRLFmRYGZJIQyMszIYEusyRW0hoZnVoE5GmeuyQEeZleBsFsmVbZrRZLxbA2HWyHtTbNVCb1hxngoAyzEdgH9Twlhumh9pdgan8qVtUprp3d5WJGNwAEjwbLcc8vHAgbLZe3btQd5KglQPxuSS2Oe6ox+OBNnXrFYZVgwyRkEEZHMZE8LrdYb8gHqdLXgcOG9jkoHa3h2czNx7O6tGpO4m4quVUZySMKcse0nMD0D3TqvRjtbrdIaictQ27/ltkof5l/ZnGmuno+jrbXUa+sMfcu/Mt5t8B/eAHkxgdyiIgIiICIiAiIgIiICIiAiIgIiIHk+lDZI1GzbeGWq/OjyUEP/AAFj6CfM7oQSDzBIPpPsKxAwKkZBBBB7QeBE+Wva/ZJ02stqP2XKjPaB8J9VKN+1A8/iUmUrLCIGSvUd/wA5LQ5muxKo5HKBtVmRTINOqB58D9JLUwJCtMq2SKDL1aBMV5eHkMNLxZAmC2bPZS6e0Gq1xS/Ou4/Bn9S0fZHc45cc5GAND1kdZA6Tsf2TpssRmY1shD2VHFtdqqfjptB41E4zneIzg4OCabR1SmqzaN9e+to6vSVOpKiog4tsHIBhluPYcZ94Y55otfZTYLKmKOpyGXv8RyI7MHnNuPbDUoQ1DtST8VakPTnvrrsB6sHjlRw7scgGoq2SupsFWnrBcoyopPuqcEs+AMKM9uOHAecTZ+gt0ytTapSxXO8pxkcBjlwPDByO+err6Q9avZQSeZNWCfPdYCeX1esex2sdt5nYsx7yTx8vKBka2YzaeYJB7COYPeJHNksLwPpr2R2wNXoqdR2uuHA7LFO648t4H0xNxOP9Bu3Pfu0bH4h19fmMJYPl1Zx4NOwQEREBERAREQEREBERAREQEREBOM9OOx8W16gDhYuG+9Xw4+asv/TnZp5bpK2Z1+zreGWq/PDtOEB3wPE1mweZED5qZZjKyZdVukg9hI+XbMDLAjsJYRM7LMZEDFMtOoZfLuP98JYRLYGzp1Kt4Hu/vnM+ZpJIq1ZHPiPrA2geV35GruDcjLt6BI35TfmDelN+BnLyheYC0pvQMpeWl5i35aWgZS8sLzGWlpaBtfZ7bB0mrp1Iz+acMwHMocrYvqhYeZn1RTarKGUgqwBBHIgjII9J8gEz6E6F9uflGzRUx9/St1J/w8ZqPlund/yzA99ERAREQEREBERAREQEREBERASjKCCCMg8CO8SsQPmP2q2SdNqrKf8A43asfdXBrJ8TU1R8yZpWSdZ6aNk4ur1AHCxN1v8AEpyR6mt3/wCiJy0pAhsswssmMkwOsCKwlhmd1mIiBjlJcZbABiOIkmvVfrfORYgbIPKb016ORykhLwefCBn3pTelmYJgXFpaWlpMpmBcTLSZQymYFcz3HQ3t38m2mtbHFepHUt3dZ8VR897KD/EnhpVHZSGUlWUhlYc1ZTkMPEEAwPsWJqfZTbK6zRUalcfnEBYD7Lj3bF9GDD0m2gIiICIiAiIgImj9sfaD8h03X7m+d9UALboy2eJIBPZ3TnGr6Udc36NKEHfus5HqWx8xA7HBM+fdf7b7Ufnq3A7kCV49UUH6zy+0tdfb+luts/xLHf8AmJgfSm0PabQUfptXp6z3PagPyJzPPa/pY2NXw/KDYe6qq1vk26F+s+dWrA5ADymF0gdt1/TtpFz1Okvc9m+1dQPyLH6Tze0OnbWt+h0tFf32stP03JzBkmMpA9ZtXpI2jq2RdTYhqFgY1pUijOCvxEFhwYjnyJlLqsMRzx2947D6jjPJFJ6zRW79KN2gbp80xj6ED0MDC6TBYknuswOkDXOswssm2JI9iwIpEtImZxMZEDHKS7EpiBSJXEYgVRyJmV8zBiVxAzyksVjMg48YFsS7EtLAdsBiVAlhvWUFzH4UJ8gT+EDtHQFtvhfoWPL8/Vx7DhbVHgDuH9tp2GcC6PNp7E0uprtsu1QtCkdZYipQHZSrrupl90ZzluHInGJ3fSaqu1BZU62IwyrowZWHeGHAwM0REBERAREQIu1NnVaipqbkD1uMMp+YIPYQcEEcQROKe2vsDdoiLKGe6k8yR79Z7m3eBB78Dux391lCIWa31fK/5SrEqeDDnjgR5r/4ka+luY94eA4/u8/lkT6D9pujvQasEmvqrOx6xjj4qP6YPjOW+0PRxr9LlkH5RWPtJxYDxXn/AE8ZN97fYl+G+bwIbMoVk64Kxw64bx4N8+31zMD6fHI58+f+8rnZrlGNP94lX0qbuesUnh7oD5x28SuM+szpq7FG6GIHdk8PLu9JkFlTHiCCeZZyRnv4IW+pmbt2xmH18WKvS6c8Q+McxbhAR4FWP99knbJtUlkVd1SMr7xbLJnJyQMcN7sEiNp9z3gUbj+qHH1Up8zJNGr4g79hxgqhKLXw4/ZwCeY+Ec5Jy6ZSXHXCfuzE6SUQM8OXYe8HkfkRMTibeVBtSRbFkq+9BzYfMfhI4JYe4lj88FUYg454PafCFmNvCKwmFhJYqY5yUQjmtjrWw/ZbBkTrFDkOcr+tV73HwD4z9JNxr3eU5WERiZH1NQb3Edx2iw7o9BWcg/tHymUDUZ3q6Vq8SDgjuPXMQRG6vZxnNYaaWclUUsRzCgsR5gcpW6g1sFsBTJx7wI9eGSR5AyQ+h1FpBsu5ct3eYL5BBuj5iSdHsdazvbzZ726tR8iH/COp/jx9eH7RBpl3goYWHhvLUtjMM+ahccuZEydSosCbrZ7VvK08O9QGyf3j5GbSwVlt5iGYcBwZvlk7v8MuS0KPdRgPStfkgAk1W/eYTjH1+UFNI2+SUCKP1a+sVx2YOoO7nxAExLpbGfLIz44BlZK1I58VrRh29hk46sDluKfAbx+fGYbNbnmXb1Cj+sTFMvbWzSKdjsT77hPDOcD1OZcuzaBzYsfAE/6f1lwtJzuqvAZ7SfrID7Rc8jyxkDuPliactbbLqal5V+RbA/Hj9ZR9T90fNvx/1mu0tV1rbtVdljBsEVqXOO/Cgns+s9DoOjbbN2P+DsUEHLWFK8ZyOIsYMOZ7JF1O9q21BPHeY/Ic/nOhdCOps/8AUWrBwhosdlGcMQ1YVm7yN7GZI2H0M6piDq76q17Vq37GxjvO6AfnOo+zXslotCP+HqAcjda1sNYw4HBbsGQDgYHDlKy3sREBERAREQEREBGIiB5z2j9itDrAetqAc/8AMTCtnvPY3qJyz2j6K9ZRl9MevrH2RwcD7vb6Zndok03PaXi9XyRdUyMUtVlYE8GBBB7pian9U5n1Lt32Z0erUi+lWOPixhh3e9/Q5E5Z7SdD9qZfR2b459W5w3oeR/vhG17ON+G/fz/jlddrofdZlPgSPwmcatWx1gZiPtb5Jx3HfDfTdmfaGivoYpfUyEHjvAj6/wBmROqB+Hnx4RqU7WWHRsG2jUqrluWQMA8VHw8/A44/qyPbtZGBAUkHgcnAPf8ACc/hzkG/TA/6GK9NgZI454cD2DjxHmP751jfVemqKjCrWP8ALrYgc8BnUnHmZjNjnPvN73xYzg+YHCXFQO71/wBuMoW8fX/fhJqLc8rzVK9MuOIPoQB8wD+EzKtY+yo8Tlv64/hkcuO/OfHP1EsNuOOMd+cDh3y7SY1s67xyXe9MIP4MS9bgOPuL4/EfmMmaV9SO8cRkc+XmeEn7E0GrvTNWnvuPH9FS7j5qMCCzSVZrQObn0wufUnP0lhvHYo/aJb8MCbHRdH+09SQyaO4Z4fnVFIHj+dKk+k6BsjoUcqG1Wr3SQC1dNYypPMdY5IPdndhHJxrmJwAwHeF3B8+GZY9uTjOWPIZySfxn0Ns3oo2TVgtU97DtusZs+aLuof3Z6vZuxtLpxijT1VD/AOutE/lED5o2X7JbUvH5vRXnxZOqX0a7dB9JuH6K9skheorG8M7wuTCeDdufuhp9GxA5TsHoYoCI2rvtazHvpSyrWCeBG8V32GO3Inq9m9HGyKfh0dbnvu3rv/0JA9J6uIGOihEXdRVVRyCgKPkJkiICIiAiIgIiICIiAiIgIiICIiAiIgQdqbJo1C7l1SuMY4jiPI8xOYe1fRAMF9AwDc+qc4BHaFbGAe7kPxnXYk01M7rXyfJ2t0t1FhqvrZHXOUsUg8+YzzHDgw4HsJkZinj493LsM+rNr7H02qTq9RSlq9gYZKnvU81PiCDPL6Xoq2OjbxoZz2Cy21gPDd3gD65lZfOwvXe3VUEnkOZPkBzm80fsPtjU7vVaK1V77VFIx5WFSR6T6V2ZsfS6dd3T0VVDurrVPngcZOgcB2d0H6989fqaalJzhN+1h4ckH1M9dszoQ2ch3r7b7zjBG8tan0Qb38U6hELba0GyvYnZenwadFQpHJigdx+2+W+s3wGOAlYhCIiAiIgIiICIiAiIgIiICIiAiIgIiICIiAiIgIiICIiAiIgIiICIiAiIgIiICIiAiIgIiICIiAiIgIiICIiAiIgf/9k=',0),
											(3,'data:image/jpeg;base64,/9j/4AAQSkZJRgABAQAAAQABAAD/2wCEAAkGBxETERUQExIVFhUVFxgXFhcXGBYYGRgYFRUWFhYXFRUYHSogGB0lGxUXITMhJSktLi4uGB8zODMtNygtLisBCgoKDg0OGxAQGy0lICUtLS0tLS0tLS0tLS0tLS0tLS0rLi0tLS0vLS0tLS0tLS0tLS0tLS0tLS0tLS0tLS0tLf/AABEIAKgBLAMBIgACEQEDEQH/xAAcAAEAAQUBAQAAAAAAAAAAAAAABQECBAYHAwj/xABQEAABAwEFAwYHDAgEBAcAAAABAAIDEQQFEiExBkFREyJhcZGTFDJSVIGh0QcWI0JTYnOSsbLS0xUXVXKUweHwNEOCojODwvEkNURjdLPi/8QAGwEBAAIDAQEAAAAAAAAAAAAAAAMEAQIFBgf/xAA4EQACAQIDAgsIAgIDAQAAAAAAAQIDEQQhMRLwBRRBUXGBkZKh0dITIkJSYZOxwTJiI+EVJPEG/9oADAMBAAIRAxEAPwDuKIiAIiIAiIgCIiAIvnm0X9bXyyuNstI+EkFGyua0APIADQaAdSmbgklm5r7ytwkJoxjJiKilS5z3ZADP+iurg+u6aqJKzV9/95GrlY7ai4df1lvSz1c222uSIaSiWTCRQGuumeui1uTaW8B/62099J7Vh4GrbaVmuklhTc84n0qi+Y3bV2/z2097J7VYdrbw89tPeyfiUTw9Rf8ApLxapuz6fRfL/vwvDzy0d7J+JU9+V4+eWjvpPxLHsJmOLz3Z9Qovl335Xj55aO+k/EvKTaq3E1NqnJ+lk/EnF57s19jM+p0Xyt757b5zP3sn4k989t85n72X8S24tMx7OR9Uovltm2F4AUFrtAH00n4ln3ZtbaS6k1ttgBoAWTOFKnMuxVqKbhRYeHmjaNCcnZH0qi4Xfsd5xM5eC3WiaDM4hM4uAHxiGuzblWo3ahq1R21l4+eWnvpfxLVUZPQ24tUPp9F8u++68PPbT30v4ld777w88tPfSfiW3F57s09jM+oEXy+Nrrw89tPfSfiV42rvDz2099J+JOLVN2Z9hPdn06i+Zm7UW/z2097J7V1L3IL3mls9oNonfII5G0dI4uLQWVPOdnTJaVKUoK8jE6MoK7OjotXt20pJLYG1+ef+luvpPYoM2+2yOPPJFaZEtb6iAexcupwlRi7Ru+jTx/VyWGEnLN5dJ0RFpNmjmAq55r81zxTrNc1ltvKaIVMlW8H5/wC7X1rSPClNv3k14h4V8jNrRRt2XrHLkMjwrUHqO9SS6EKkakdqLuitKLi7MIiLcwEREAREQBERAEREB8zynny/SyffKtEtFdaY3B8jqGhllodxo81oViuK9fhXbDwa5kYWpu+z+2zmART1ewEUNaUAAaGvA8Zg1wimdeKz742Us9qYbRZSxtcyA4FldS2gHNO+lMhqGrmpcs2wXvLDXA8trqBoeBpxG46hV6tNKW1DJ8vM+lZF6hTW1dZGLeN2PicWObQjX/uNVGPYunXRelitcfIWgNiLOcHA+OaHEXOIrXSjRWugG9Qu0Gxk0QMjGl0VTQ5Yg3VrnsFcNRn1cFQqyjex1tiMsl48v6vzrO3OaOWq0hZckJC8sCjIZU2tTwwqmFexYq4VJGJWnE8MKYV64UwKaMCvI8cKvavTAmBbeyZhTsZ913tJFoSWEtL2VIa/DWgdvpzjpxW2NsNkvIF7HiG0/GbQBryaEu3ANGelTQVJJoFoavjlIIIJBBqCMiCNCCoJ0eUuwxG0rNmXe90TWd5jlYWndwPS071HELcrLtdysbbPbAZI65uaG8pQaULsq7sW4Kl8bGOwcvZHieHMks1ZoQ0itSaEdPFaK6ykJwTVzTQvRrlR7KIFvZkGhkxVOQzO4exdE2Ysr4YjFiPPcHOb8UuAoM94H2rT9k7LjlLzpGMv3nVA7AHHroujXcxeZ4dxb2lh49L69F2Z9a67NOKa2n1EvY4jSrqVGp6lDW7auruSs7a50x0Jc4/Mbw6c69CnJbM58L2MNHOaQCdxKx9idknWR7pZJGyOLQ1tGkYc6uzJ30C4dGCle5FUlYhY9obVZ6GRji0nSQOz6A7UH+6LYrLezLSxskUYOHWvjNdwJHp61l+6BaYWXfNypGbaRg6mT/Lw9NRXqBWl+5O9zvCHkHk+a3/Vrl6KKerR2Y6kcZ7TvYlJzI0ksJbni5uQB40HUtv2Tvzwhhjf/wAVgz+c3TEB6j6OKjrdgzoS0nPIeN0H+9616G2mCaOUDxHc6m9h8ZtOon1cFHhK7oVL8j18+r/XKTVKarQtbPk3+p1VFZG4EAjQ5hXr0xyAiIgCIiAIiIAiIgPnGC9XRvljID4zLJWN2njmpbvaekK+W7GSgvszsVBV0Tqco3935QdWfQoi2n4WX6WT/wCxysinLSCCQRoRkvVYZ/4IW5l+N/r9TdU87opI0jIrHcVsP6SitAw2gYX7p2jP/mt+N1jPrUXed2vioTQsd4j2mrXdR49GoUc5XyZ0IQsrowRItpubbGaMNY+j8BOBzgS6MvIxOArQmgyrWi1JyNKoVEXaVW2+/R9VlodPm2YstqiL7PI3E2lXuc7n4g4kvbh5jiWgBgqePFaTedyywPMcjCD9o1BB0IoR2rFu63vie2Rho5pBaaA0I0NCKLpNz7UwWxnIWtrcRxU3AVwUEZc6jX+OS5xqa6mtFD70c9V4lmU3rL3l4rz5+Rc1kcsfErcC2S/7HC2QiF+NvE7uiuWLroOpQZjV+nG+ZTxMdnQxsCqI1n2WxPke2NjS5zjQNAqSegLf7o2CbGA+0jG854Aea394jxj6utTOcaepx6kzn93SPYSGtDw7JzCMQcOrX0hZ1puAvbykTHs4xvBBH7jj4w6810O8LTZ7KznYIxua0Cp6mjXrWjXvtQ+QkRtwDiaFx/kPX1qSE1LkK7ve9yDkuWYCpZQcS5oHaSo2RtDT7CD6xkVtlmgknaGzwvy8WUDCR+8DQPHrUPet0PiGI0LSSA4Vp6ajJJxTV0i1TbtmyIxKUue/Z7M4mJ5bXUZEGmhocqjcdQopytqqjVmWI1Gjo0UN3Xk2jaWa0gE84jA85HnOObnE16czwAWp35cFosr8EzC3gc8Lv3T/AC1UQ15GYUrbtorVNE2GWUvYzSuuWlTqaLCVujfR69phydyc2SipC53F59TW+0rcrA5adshJWIjhIewtb7Ct2sdCBVeA4VyxlS/P+lbwsXoP/GidsL1nW28Y4IXzyOwsjbicfsA4kmgA3kqHgcW69q5Tt1ta+2SCFpwWeN3NBrz3aGSSm4Z0G4V3lQ4ak6kvoitWaiZHK2u/LeGVLYxU/NhirmSNC85ADeegErqVitFgslnMcL2cnC2RzgHAupC4Nmc7iQ5wxdJ6Vq2wu0l02Kz8l4QOUccUjzFNznbqUYcgNFmXTYbqtb5DA+R9KmSjpGB2O0C0Z1ANcbW5ihwtArkFZryTjazS6H4kUU0yXtt6QZ1lYCBGSC4Vby3/AA60Pxt3FRlriq7oOv8AMf3xVLTsvZW0pynNDQ3nnIMDQwdNA0AV6eKTvpUrnzUfhLlK/KdE2fcTZoa6hgH1Rh/kpJR1xRFtniadcDSesip+1SK9XT/gr8yOPP8Ak+l/kIiLc1CIiAIiIAiIgPlu8sppfpJPvuWLVSdtipPI9zC5hlkG8Vo91aO4iq8p7vqDJCcbRmRo9n7zd4+cMupekw0v8MehFyMLRT+hg1VXPNKVNOG7sVlVSqlkrmU2ihCtovUBZFia3EA4Vacj0V3jpCrVIE9NtuxjNXuxyzbyul0Ts82nQ8f6qR968romzwfCsIzA8dp3gt306OxVG7F+0okO2UrMu675JpGxxtLnOOQ/mTuHSr7sueWWUQsYS86g5U4l3ABdLuuzWe7Yi+R1HHV3xnnXCxvDo9JUvtnFfUoYqo10sl9mdnobviLua6Yt+ElOjRqWtr4rR69TuA1PafbsVMdl5zjkZSKiunwbd/Wcugrymdb73kwRN5Ozg5kkhgpve7/Md80aZaarY7Pdl23S0PkeHz01IBkP0cfxB09pUCtGV5e9N8i/Zx5xd8zTbu2ItdpPLWlzow7PnZyO/wBJ8X09ik7Td1jsQzLWupq7nSHpA17AApiW23hbKmNosdn3ySf8QjiNKer94q7Z/Z+wue7kS21TMoXyyOxtBcTQ5VbXI8TlqrMa2znUenIuTpei8X9DEX8q62aZaLfPMP8Aw8JDPlZdOto0+8tOtU0hxVc5zSaE1OEkaLpPuiWrkY8BdWSSrRTIBo8YgdVB6QuYw2lzTlmDqDmD1jeujGW3T2lvvuixSdmYT1YVKS2LG0yMa5tBVzXVw5eQ8/Yc+tRhVacSTazsUCvYCSANTl2rMu+aIAslZUH4zcnt6txHQVlOustLZGEPjxN5zd2YycNWnrWNh2ujCqK9mbvsjs66BrnP5z30JblhbhrQCursznp9qnrDd8+uEZ5+Oz2qKtAtgnL4QXNDTQYmhpPJSAVqflOT+LXpoCDl3HZLcx0THB2GPk2AtezBhZJNyjntyLi6Mw05uRB0zXzWtWliZe1qSTbtp+OrJeOtzpbWz7qRsbLLMGkYK5aYm+1aLJ7lzDUmS0YiScmRkZ9RU/bLFeT8cYNWSeEsFXNGAPtkZieTzqkQCQto3LIEVV3JXw4vdQtDsw0PZzHCxxt5tDmx05k4EFldHZTYeLWcZWv0eRXnK/8AJGu2b3KWnxpJ/RG0feWw7K7GvsRfgLnh9PGwAinUVL22G38l8dxFomLhE5rHOiMcvI4C52TRIYjTFWgzyqDgWuG8JGYS15Bo59SwB8bzZccbWuILXYBaQAQ2hOoqFPUpycbSll1eRpGavdL8mXabFM6tGg7vGbqN2qxRYjgpLHk011Hi6nnCtBrqrrmstqY9okbI1grgAdFybY/haMlYDzn5x5ga051MQMbabstBmixCR8bZJycT8dBysfIHOQEfBh+ee+rTVc+VOCla+/47SxGrK2h0u7beyZmJgIoaEEUINAadORGizVCbMeLL9J/0MU2vSYebqUozlq0c2rFRm4oIiKY0CIiAIiIAiIgPnAXo6OaaMgPjMshdG7xScbhUcD0hZjbj5X4WyPIcM+TJpI3paR446s+hQd4n4eX6WT75XpBaXNoQSCNCDRelwtFexjJa2W9jp0a16ag9LF18sZhqacti5xYMLSM6lw8qtNAAoZbb4bFaObaRR+6Vo53/ADG/GHTr1qKva5nRDFk5h8WRubHdR49BWZPO1rb8jJeLZXTMawXfLKHFjC7AKupnQLzLKKtgvB8LxIx2Fw0Pq9K2WG02e2V5UiGcnJ4AEbt1Hgaca9fEARSqNarIlp0Y23330PCybSuEPg8sbJGDIEjnU3DF0bjqFIbJ30yCXAH/AAUppQ6sfuJ4g6VHRotfvW6pYHYJG03gjMEbiCoxyhnCMllozacpRX0/J2W8toeQjLsOJzjhY3e53SdaLCufZx1od4ZeL+aMxHWgoM6Gnit+aM+JWl2a+GTQizzmjm+JL1aYvsrvB4iqusm1NqsruTc7GBudnluLXjMjgc1XVKSyjk99CtXUdVlffM23aT3QcLfB7A0RxtGESYQMuETKUaOkivQNVpln2gmjJewN5UmpmeOUlJ4h0lQ3rAr0rYY9qrvtH+Js4BOrqVP12Uf6lmwXNckxGG0FhPxRM0HslbiVmkqdONnB9l79L5ey30OTUp55NM0p9ptNqkaxz5JnudRjS4uzO5oOQ+wLs9y3dHdthwucBQF8z9xdTnHqAFB0Ab1gXfZ7tsIMrXRsNKGR7w55B3NJOVeDRmufbf7bG2HkIqtgBqa5GQjQkbmjUA78zot5RljGoQWzTWr3y6F1s1jF6EDtPfTrXaHTGoboxp3MGlek6nr6Ffcd3TTVEMZcWiriKUA6Scuob1BFyk7kvd8Dw9p0INNxpxHb2rp1FFx2YWVtL6E8K1Sjd00rnhejZMRa+oIyIORHRTcowsXXJLfYLxjpKzk5wOaRqSdGt+aOB0GnFaff+yU9lNXAObpibmAaVo7yT0FQK03syWzLmfL0c5T43tze1rqRd1XAZcy8MC2ex3bYrLz3T2h7t7WGNrT0EFpqFrcNse3L2rxtFpc7Uqd0qaW/5IHTxFWX87LmVl+rmVbtpLRyr3RSyRsLuawPJoNwqV1j3I7a+eCV0rzIWvaAXZkVbXKq4e5i7N7hn+HtH0jfuLzmOoUopOMUs+ZHVqXUVnvY3W97ule34F4aeByHaNOxaReNivFpzZOf3CX/AHCV09FxK2Cp1HfNP6GaWJlBWsn0nJImW+tGttP1Zv5hTN33Pekh50r4m8XvqadDGkn0Gi6EijjwbTTzlJ9fkSSxsnpFLq8yOu+7hGzC57pXb3PNewaNH95rIfYojrG0+gLJRXFSgslFdhVc5PO5j2ezMYCGNDQTU0FKmlK+oLIRFukloat3CIiyAiIgCIiAIiID5ivFnw8v0sn3yvENKkp2DlJa/KyffKq1wG5etwr/AOvDoR1cPhFKKk5WMOKzSO0apm64ZIq4pWCM+PG5vKNcOltQK9NarBlthG9Rdstrjkk4J6nS2qNKFrtmNfksXLv5EFsdeaCamn/eqxY5yreSJKy4bCSudN2dyCjRq1Je6iauXaN0Y5ORglhd4zXbulrtQergpGbZ1s7DNY3YqZuhOUjepvxgOIUXYrC0a5rYbsmZE4OjFHDRx1HUlNOWccv31eVjqy4OqKPvPPfXzWfPlka3BcczjQCnWCFZarlmaaeNThVb1FJWpOZJqT1rJhIVyNNW0KGLwkYwutTnbLjtB0YVVlxWomnJn0roz5AsZ9p4FT03bOK8TxOLxOIpzaSW/WaUdmLQBXCPUo61WJzTQ6hdDdbOKg73ha/PerEb1MpkdDhKo5Wml2GkuCoFKTWQBYcjKKnXpSpnfoqFSN0Vs85BqCt/2Z2zLWiG0ASR0oKgOIrXQHI658eK501ZUL6KNTjUjszV1voa1MHCazR0+9dj4LQzwixuFDqyopXgN7T0Hp4LRLZdT2OLXAgjJZdzXzJEea4gHIjcR0rfrHbrLbIxHI0NkphaRkAN1M9ejfxGdZPaTpR973o8/Kunn/JmjhWmcmls5GoXWvcQHwFo+kb9xa3f2zxjOXOaa0NCDQGhJacwK79DuW1e422kdqHCVv3FyuEZRlBOOl/0yxjMP7OlGazTf6OjIiLknNCIiAIiIAiIgCIiAIiIAiIgCIiA+bLW+kk30sn3ysd0qtvQ/DzfSyffcsXF0ru0OFqdOlGDi8lbkLcMS4xUT1kcVjvjqql6tMp4rMuF6cvgfaiWOLgtUysUKzY2LA5V3FV5d3lHtKr1MdSn8L8C7Q4YjS0i/Al2B3BZUJI3LXvCX+W7tKr4VJ8o7tKxTxtGHwvtRbl/9BGWsH2o3GG1O4LIjtxC0bwp/lu7Snhcnlu+sVZXC1H5H4FWpwvTmrOL7UdAdbKheZIIqtD8Mk+Uf9YoLbL8o/6zvan/AC1JaRfgedxVP2zvHLpNykdTesSeRawbXJ8o/wCsUNpf8o7tKljw1TXwPtRSWBlfNokLU0VWBMwKwyO4ntVMa0rcL0qi/g+1HQoqVNank6NVYV6VVwCo8dhyRZcWJtqj0ikUjY7YWnIqLC9A5SrhJLkZJTxahK6Rv1ybTlnNcA8GmKpo4ilAMW8ZaGo6FtnuYOaXW0sFGmdpAFaAcmMs81xgSHie1dZ9xQ/AWn6Vv3FRr1lUzSsbYzGQrwSUbO+eeuVtOfmOlIiKsc4IiIAiIgCIiAIiIAiIgCIiAIiw7xtkcMT5pHBrGNLnE7qfad1N6A+bLzBNom1HwsnDy3cVhOa/EQGucOIBOdK0qB1LHnvi2yOLrTJJM/QOccVG64RXQVJy6V7WW/rxYMMNrmhjrkxr3NFaCpwjpWTJfyMnkP8Aqn2L3bLaA3AOUw0c2mE0o8guGm8gKg2kvf8AaFo716q7aW9v2haO9chgsm5ZxcXB5xEF3NOZGlQBmvDwR3ybvqnq4LI9817ftGfvXK8bT3rT/wAwn716AxvB3+Q/6p9ieDv8h/1XexZI2nvX9oT969VG096/tCfvXoCQ2b2OtttLuSjwtbq+XExlfJBwkuPUDTfTJTx9yO8vLsveSflLVhtTeeX/AI+fp+EcrxtPeenh8/eOQGyfqivP5SzfXk/KVw9yK8vlLN3kn5S1v3y3p59aO8cqe+W9PPrR3jkBsv6o7y8uy95J+Uq/qjvLy7L3kn5S1k7S3p59aO8envlvTz60d49YuDZv1R3l5dl7yT8pV/VJeXl2XvJPylqw2kvWv+PtHeOT3zXp59aO8cgNp/VJePl2bvJPylX9Ut4+XZu8k/KWo++S9v2haO8cjdpb18/tHeOQG3j3Jrx8uzd5J+Uq/qnvLy7L3kn5S1L3z3p59aO8cnvpvOlfD56fSlDJbeF3yQSPglIxxuLXYc21HkktBI4VC7R7l1xTWWzOMrozyxZIzASeaWDWrRQ5rgdqvSd7y6Qve8nnOdmXbgSTrlRdV9xC/Znums9omc7mR8gx7q0azGHtZwoMGXAdBQwddREQBERAEREAREQBERAEREAREQFj3AAkmgGZJ0AG8rivui7UG2P5GMnweM5f+44fHPRwHp35bD7om1GPFY4Xc0ZTOHxiP8sHgN/HTjXnkkaAgJm0qSsAOLnVrTqrX1AqYt1kxZEkU4U9dQsM3c3if9vsWQ1dGHjc00BI/vpCuMrqHM+nMb9BT+6LL/R7eJ7G+xXtsApSp7Gn+SDOxhgmueRpllSmR1Ab9ioXHKunQKfYOpZvgIzzOfQ0dgAQWAcT2N9ixYchhuLsxrxNPTrSuqpU7uFBl/OnWpJl1VFcRz/d9i9o7hJrR2gqfF0HoWU7BkS17gKAkcdc6+jo3q0A9I37/sopn9BmlcW+nxfZ/dVdNs+5tKu1FR4uh9CymCDNdTXPXrp1daHEeOXQdMstFOM2ccS5od4ta+LuyO5ef6CyLsW8D4u+vR0JtAhTWlN2o6M+r7EZK4GoJG4/Zw4qafcVAKniR4u/0dCuOzxBcK1pkaU3HXTiEuZICp0zr9tfRVVLjrn0H7PRSqmX3HT41Pq+xeTrvDRhFK8SAen+iXBE4zvrlu6+GXCiujqQdenXdXoUibFxw/UGnDVW/o7pH1f6otczKtyke2QtIIOY/uivmJ8apo7+z/fWs7wHTxdPJHbqrvA8i00oeApTpWBflMSzPPin0dI9KmLme9kjZGOLXNILXDUEaELAbd44n/b7FM3fChg7psftE21xZ0EzABI37Ht+afVp17EuF3TbJLPK2aM0c3sI3tdxBXYrkvWO0xCVnU5u9rt7T7d6wYJJERAEREAREQBERAEREAWj+6Nte2yNFma7DLK2uKh5rCSKtPlEgjo14LeFqm2WxMFvwvc5zJGDCHCpBbUmhbUbyc0BxwW+H5RqG2w/KN7VsF5+5k+JpcHSGm5sLpCeoRvJ7QFq79nJdzLT/Cz+xSRpuWlu9HzIZYiCdntdyfpLJ5ozo5vasfE3iO0L3NwTfJ2n+Fn9itNyT/J2n+Fn/Ct1h5vm78PUOMw/t3J+k8xTiO0K/LiO0K5tzy/J2r+En/Cs9mydrcAWwWkg8YJG+pwBC2WFm+WPfh6jHGoc0u5P0kdQcR2hMPSO0KROyF4ebWjuyqHZK8fNZ+7W3E5/ND7kPM2VePNLuy8jHa8CmYy6R7V6i1dWfzv/ANZKp2UvPzSf6isOy16eZzd2s8Sn80PuQ9Rn2q5n2PyPU2sYQ3gSScfGmgrloN6r4bVwJw5U0IGQPAH1rwOzF7eZzfU/qo+9bJbLMAbRG+EHQvYQD/q0r0I8FNfHD7lP1Gymnz9jJZtsIJPNzrqQdeslUFq5pGWZB8bgHfO6VrIvYfKt9XtT9LN+VZ6vascUl89P7lP1G1zZnWnIafW/qqutgqTka0+NvpnoeNSo+67rtlpZykEUkrK0xMjJbXeA7Q+hZ3vVvTzWbu/6rPE5/PD7kPUbJFktorwA4Yq/aVjyUJrUdo9vWsv3p3n5tP3f9VT3pXl5rP3X9U4nP5ofch6jZQb5u1eZhEDiO0KmXEdoWd70bx83tHdH2qvvPt/yFo7o+1Y4pP5ofch6jZUJPlj3o+ZH1bxHaFQub5Te0KR95tu+StH8O9WnYu2/J2j+GetXhZrlj34eo24tPnj34eowGyM8pvaFIWS2Qt1kaPSsC07NWpjsLmWoH/4loPYQ2hXgbhtHC0/wdo/CscXn/Xvw9Q4tU/r34eo2P9K2f5VnapLZ/bGKyy8o2VpaaB7K+M3o6RuPtWpXbshaZpBGPCW1rUmxz0GROZIAFdMyNVuWz/uPyvOO0zPjaCOYGsL3Dfzg9wZ61pOlKKu7d6L/AA2zSdGUFd26pRfgpNnZLHaWyxslYate0PaaEVDgCMjmMisheFlgbGxsbRRrGhrRUmgaKAVOZyC91ERBERAEREAREQBERAEREAREQBERAEREAREQBERAFa4A5FEQFnIM8hvYE5BnkN7AiJcF4FMgrkRAEREAREQBERAEREAREQBERAEREAREQH//2Q==',0),
											(4,'data:image/jpeg;base64,/9j/4AAQSkZJRgABAQAAAQABAAD/2wCEAAoHCBURERQRERISEhESEhAQERIRDxIRERIRGBQjGRgUGBgcIy4lHB4sHxgYJjonLS8xNUM1HCQ7QDszQC40NT8BDAwMDw8PGA8PETEdGB0xMTE/PzExPzE0MTQxMTExMTExNDExMTExMTE/MTExMTExMTExMTExMTExMTExMTExMf/AABEIAOEA4QMBIgACEQEDEQH/xAAbAAEAAgMBAQAAAAAAAAAAAAAAAgQBBQYDB//EAEYQAAIBBAACBQYLBQYGAwAAAAECAAMEERITIQUUIjFRBkFxgZTSByMyVGFykaGxssEkU5LC4hUXM1Jz0TRC1OHw8RZiov/EABYBAQEBAAAAAAAAAAAAAAAAAAABAv/EABQRAQAAAAAAAAAAAAAAAAAAAAD/2gAMAwEAAhEDEQA/APs0REBPC4p7DGzLzzlcZ+8ET3kWgan+yD85uf4092arpyq1tqiVa7uwLdp0CqucZOFySef2TqZy/lMmayf6Y/MYGl/tev8AvG/j/wC08KnSd2WOtYqOWBkeH1TON6c8pbyjcVKdKppSplFGLaiwBKA82ZCc5PnMqWnlhfF8NXVhw67YNtb4ytF2U8kHcVB9UqOxqX3Sex0u6IXPZDUXZgPpIYZPqkOvdKfPKHs7+9OVsPK29NWiGrhleoiurWtuFKlwpGQgzyPmnhbeWF8dCbjOzoGU2tsFIyM9rTz5PKB2XXulPnlD2d/fjrvSvzyh7PU9+cheeV16vFK3OpWo6qgtLcqFBOO0U+4+E9OkPK29FWqFr6KjkKq2tuygZxjYoSPXA6vrvSvzyh7PU9+Ou9K/PKHs9T35yt15W3u7AXAQLTpOAtrbsCxpqTnKHGSzHPd5vCYuPK69ygFcLmgjsVtbdtn7WWI05ZwO7kPCB1fXulPnlD2d/ejrvSvzyh7PU9+co3lbelaH7QF3R2dltbd2Yiq6g66eCgcsSP8A8vvTTp/HgFqtZCwtbdmKhKZUY0webt3eMDruu9K/PKHs9T35jrvSvzyh7PU9+cmPK+94THjjIr00D9Vtw2hR8jXTHeoPjy75lfK294df48MUNIIzWtujLljt2dOWcDvzA6vr3Snzyh7O/vzHXulfndD2ep785Sl5W3o4oNfOtIMpa1t1KtugzjTwZhz5eeZt/K297ea4b9nq1Bta266uEJBHY54I7+4+EDuF6Su8jNckZGRkcx5x8mWf7Xr/ALxv4v8AtPn9l5WXhqIGr7hg5ZWtLdV5ISMEJ2ufPl4TwsvK+9apSVq4ZWqU0cG2tgGVmAI5ID3GB9X6FvHr1OHUqVkZgSjI64JAzggr4Z+yb49En5zc/wAae7Od8n1/aKR9J/8AwZ2sivG1oaAgu78gMuVzy9AHjLUgsnAREQEREBERASLSUi0CM53ygXNVf9MfmM6KaLptc1F+oPzGB8T8pbord1k4dEhdDlqZZmOintHYZPP7hKj3YQ0ylC3DPQZ2+KLZJLo3ItyBUY+2XPKy4VbyqpoUmI0BZjX2Y8NTk6uB58d3mlKhdpVdVqW1ArTo1gujXKHCUnqKCeJz7Xf9BMqPSndhRbutGgrsznbhF8MtTCkKWxkcp5pdgJTcULcMa1Rc8JiAEWmV7O2O9z909rSqrvao9vSFNqmiFHuUcB6oDnYVM5yeU8be4VkpA21DhmsCNXuA+76hufFyOSrj0QFe8BSo7UKBfjqhJpMudkdmyu2AcoPvnrVu9hcO9GiXU0zk0WQ5Z8HKhseqeV7cKiVkFtQNNa7HtNcs+6BguW4mfkls+me95VRGuaaW9HQOivu9wzkK/Z7RqZJyOeIHn1vZqm9GgSturg8E0zkaKvINzAVsfTgGYS92dQ9CgcW9UrmkU7KUHdMatzGV9fOZrXCU6jqlvRw1CkG3e5dtXRHIBNTl2iMeAEPXRHQpb0ctbEnd7hhh0dX1zU5DUnAgSs7oVHoI9GgyHZQOEVwN2JAYNk8yT6zPK1vNuArUKGjVlH+CVGXKB8MGznAX0YE9KNZKZt3p21HiMrv23uGXZaroMKamAML9pM86VwiJRdLeluK9QLs9yyZQU2Q6mpjvfn6BAxUviEcChQ4Yq/uSRuAwGW2z3E/aZO5vNHuESjQCLVdD8UW5JUZUyxbPmmDVptTeobelv1hExvchDujsezxMZyvf4EydWqji5epb0dxUpu2j3KoXd2LkqKmD9HhkwI3V8Kbuq0bcApTBBpMxKsiuRkk47WD5u4TNa8CFdaNAb2yFviWfO6doc25A59UPWR3rNUtqBdKKONHuFXKsiDIFTB7Ld3iJkXCVCd7eieHaOU1a5T5FIsgPxnaHLB8YHm3SHDWi6UbcM1OoxJpM3PiuncWwOyokej7s8aj8RQwatEZ4LedwMg7T3tK1Oo9Gm9vRKBKoAU3KNgF3+VxOfayfXiQ6Nv8ANS3BpUyprUV13u9QA64IBqkcs8uR7oH2XoKnirS9H8hnXTmOhkxUpej+Qzp5FZWTkFk4CIiAiIgIiICRaSkWgRmn6XHbX6g/MZuJqelR21+qPzGB8U8rLtFu61M0dudIuesOgduGpDagYHLA9U09PpClTy4tFbsVFwbqrjDoUbu8+GM3PlZdol7WXhVGb4rdhcU1BbhrzAaixHLHn800VW4pPnahU5jBxeU15Yx5qE0jZVTQt7hmp2pYW9RHBe5qHmrDUtjGe1PFxb06imnak6U6FbDXVQ4yiOe7GQC2PRM1qtC449w1GsjA02CJeIyHdwhBJo5GO/zzLmhVZ2ajWplLZGAS8QhggRFzmlyBBBPo7pAvloO6kWpLVaXWHHWqmAXd9gvgvZ7uZ5yV7Uo1SlXqvbuOI7AXNQICHK9keYYXPMyO1Cq1NXo16ettUClLtCXWnTeoGIaj/wAxBXl+kzQFCs1vQajWRcsi1Fu0LEPULFsGljkSR5oEbitQqBKnVfjKlR6OFuagXFKlSVCB4kPz5+b6ZmvUoPTDta4em9G1AFzUA11dsn/7ZTHf5550GoOlGmaFZVNZiHF4pbNXRWHOjg4CKf8A3Fd6KU6lMUKzItfbiG8UNsiuoX/BxzDMYHs70GputS1KtbKiKBc1BkPVZm38TljjGJGk9B6b02tccKm9ypFzUDFnakhDZ7xrqfN3fTM3C0aXWKK0a7oKiI1RrpQy6OdTgUsDJEMKFJqyJQr1AaFNXd7pcorqlUt2aWORAHPzCBm3eiUak9oQpR7oEXNQMSlFynPn2Tk+bzzPRr0GbgtakJX1LEXNTfCbEak8hzBHdIDgUWXFKq/EtSxFS8RQvERlYLilzwDy8T5pm3ehRa3qrSquzJUfWpe01QYd6eMiln/kz5uZxAh0XXoF1p9WGLg06D/tNXZUeohJXzZyB357jI0r2gmxFqDsj0SrXNUnRlKnn3Zxyz90zatb0xQrClWJW4fCvdoEzSFNwSRRzg7jP1fpkXS34TVeFXJFdaenXE0KsjPnbg5/5ceuBN7qjb3DhLXYUalekm9zVOQGZCTjHM5JmOi7qjx6C9WH+PRx+01ORLqM930D7J4XN3SqVHqdWqqalR6hAvlwC7FiBmhnGSZZ6LvKRr0ENGrrx7cD9qpEj4xcHlQBPPHnHplH2/ole3T9H8k6GaHoodun6P5JvplWVk5BZOAiIgIiICIiAkWkpFoEZq+k/lr9UfiZtJrekR2x9UfiYHxTyrqUOu1kYVd24YdhwNQTTUdkspIGMevM1FzRtk0/4puJTFT5VABcuya5xz+RnP0z6B035Ctc1ajiuqLUZHINAOwKJpgNuOWBnGJXq/B4SEArqTTpLTO9uGyQ7NsMOMfL7ufdKjjX6tToYxdN1kHmHojh8Kt3g47WcfRCdWp03cm7qGqKtr8ujhQopuHDa8/lKMY8xnZv8HhZKa8ZM0xVBDW+UO77Aqu/LHd3mYb4PDoqcZMrUqvzt/i8OiLgLvkEcPOc+eBxvRaW++7G6I4V4ijiUCw/ZHJ5a92pbHmzPCyuLanUSpi7fhuHCmpRAODnHyeQzO5o/B7o4ZqyDsVk7Ftq3botTySXPIb5x9Eqf3Zt87Hs/wDXA4y2e2pujYvCKbo4UvRAOrA4+TyzqJmvUtnZz+2AO7uVFSjgbEn/AC/T3zsv7tG+dj2f+uD8GjfOx7P/AFwORvbm2qVHqYu04js5QVKJAyc4+Tz5zF3cW1R2cLeJsqKVFSiQdEVP8vn0BnX/AN2jfOx7P/XH92bfOx7P/XA5rpJLYik/7T2ba2Ujehk7KcEDXn3czIIltVpD/ik6uqJzegRU4lZ3yTr2cFj4+bunZV/g/LaYrodKVOmeJbbZKAjYYcYBz3c5Kl8H5COnGTNThYxbap2GLHYb5bO3iO6BzXk30Vb31RLRHuqb0+sXQqMaLhs8NCmoAx8hTn6TOg6U8haVrZVnavcOKZN0cJTDNohXQenbvnpT+DsgVAa6jiUjSGlAIBmoj5YFzn5GMcu+Rtfg4NPb9oHboVaHYoBT21K7HtnPfnH0CByHRXR9vcV6VAG5Q1n0D5ouEPMDZQB5x987m2+DynTZG49QinUSr/gUwzFHDgF+8DI+yVrD4OTSqJU6wDoH+RQCsSysM7bnBG3h3D1zzsfg2NJ6T9YHxVRKnZoaM2rBtc7nHyfDznvgfROivlU/qj8k3s09gmroPAY+xcTcSKysnILJwEREBERAREQEi0lItAjNffjtj6v6mbCUb4dofV/UwKeIxPTWAJUQAjEniMQPBxz9QmMSbDn6hMYgRxGJLEYgRxGJLEYgRxCjmJLEyveIEsRrJxA88RiemJjECVoPjF9f4TazW2w+MX1/hNlIrKycgsnAREQEREBERASLSUi0CMp3g7Q9H6y5Kd2O0PR+sCvGJLEYlRHEYk5jEDxcc/UJHE9XHP1D9ZHECGIxJ4jECGIxJ4jECGJlRzEliZUcx6YEsRiTxMYgRjEliMQJWw7a+v8ACbCUaA7Y9f4S9IrKycgsnAREQEREBERASLSUi0CM8a9ItgjvE9ogU+rt4D7RMdXbwH2y7ECl1dvAfbJdXbwH2iW4gUmtWP8A7Ex1Rvo+6XogUOqt+PPI5SXVD4/h/vLsQKXVT4/cP95g2rZ+jxyPsl6IFHqrf+ETItW/8Il2IFTgN4D7ZHq7eA+2XYgVOA3gPtkert4D7ZdiBXoUCDk+oSxEQMrJyCycBERAREQEREBItJSLQIzQdJ2ty1bakz6d+FqogPZA7iM+Y/bN/IswHecQOXY3QJGlwccsh1IPoOnOetOldMA2tQZ8zV6at6wUnQ8ZfGOMvjA0PV7vwf2mn7kdXu/BvaafuTfcZfGOMvjA0PV7vwb2mn7kyLe68H9qp+5N9xV8ZjjL4wOeq2d2xGHq0wM50uLYljyxnek3dz7vGR/s67/fXftFj/086TjL4zHGXxgc5/Z13++u/aLH/p4p2N4rZ4ldxggq9xaYz5jlaKnx+2dJxl8ZjjL4wNFwLv8Ayt7TT9yY6vd+De00/cm+4y+McZfGBoDb3f8Alb2qn7kz1e78H9pp+5N9xl8Y4y+MDQNQuwCcVDjngXFMn1diVuJdfu7n+Ie5Oo4y+P4xxl8YHP29ndcVWcuEyNga9MjvByQF593mnSSKuD3HMlAysnILJwEREBERAREQEi0lItAjKl2eY9EtynentD0frA8cxmRzGZUSmZDMZgSmZDMZgSiRzGYE4kMxmBKZkMxmBKJHMZgSjMjmMwLFse16jLkoWp7Y9Bl+RWVk5BZOAiIgIiICIiAkWkpFoEZSvz2h6P1l2UOkD2h9X9YHgDMzzBkg0qJRI7RtAnEhtG0CcxI7RtAnEhtG0CUzIbRtAnEhtG0CUwTI7TBMCzaHtj0H8JsJrLI9seg/hNnIrKycgsnAREQEREBERASLSUi0CM1vSTdtfq/rNlNV0s2HX6v6wK4aZDTw2mQ8qPfaNp47xvA9to2njvG8D22jaeO82CKAMfb9MDwcYA58zzx4CQ2ll2CqTgch3Y5ShvA9tozPHeN4HttG08d4zA9dpgtPLeYLwLtg3bHob8Jtppejm+MHob8JupFZWTkFk4CIiAiIgIiICRaSkWgRml6abDr9T9ZupoPKBsVE+p/MYFMPMh5V2md5UWuJHElbeN4FniRxJW3jaBZ4kt0rnI+kcj/vNXvG8DbGuMd/KUzUlXeN4FniRxJW2jeBZ4kcSVt43gWOJMF5XLxvA2nRTZqr6G/Cb+cz0K3xy+h/wnTSKysnILJwEREBERAREQEi0lItAjOb8pWxUT/T/mM6Scp5Vviqn1P5jA1vEmd5U4kxvKLnEjeVOJHEgW943lPeZ4kC3vHElTiRxIFveN5T3meJAt8SN5T3meJAt8SN5U4kcSBa4kcSVeJHEgbzoF83C/Vf8s6ucX5OPm5T6r/lnaSDKycgsnAREQEREBERASLSUi0CM43yxfFZP9MfnM7Kcd5bWz7pVCkpoUYgZCsGyM+Gc/dA57eN5W3jf6ZRZ3jeVt43gWd43lbeN/pgWd43lbeN4FneN5W3jeBZ3jeVt43gWd43lbeN4FneN5W3jeBv/Jh83aeh/wAhneTg/JC3ZrkOFOiK5ZsdnJGAufHn907yQZWTkFk4CIiAiIgIiICRaIgRkX7j6DMxA1ZmIiAiIgBERAREQEREBERAREQEGIgbKh8hZ6REDKycRAREQERED//Z',0),
											(4,'https://encrypted-tbn0.gstatic.com/images?q=tbn:ANd9GcRGrW8QIGqyjCTQ_JE-X-MCqR9EwtkFO121Sg&usqp=CAU',0),
											(5,'data:image/jpeg;base64,/9j/4AAQSkZJRgABAQAAAQABAAD/2wCEAAkGBxAPDw8PDw8PDQ0NDw0NDQ0NDQ8NDQ0NFREWFhURFRUYHSggGBolGxUVITEhJSkrLi4uFx8zODMtNygtLisBCgoKDg0NFQ8PFSsdFRktKysrLSstKy0rKy0rKysrLTctLSstKy0tLS0tKy0tNzctKysrLSstKy0rNysrKysrK//AABEIAKgBLAMBIgACEQEDEQH/xAAbAAACAwEBAQAAAAAAAAAAAAACAwABBgQFB//EAEAQAAIBAgEGCAsGBwEAAAAAAAABAgMRBAUSITFRcQYTMkFSYYGRFCIjU3KCkqGxwdEHQkNik/AVFjNEg7LS8f/EABgBAQEBAQEAAAAAAAAAAAAAAAABAgME/8QAHxEBAQEAAgICAwAAAAAAAAAAAAERAhIhMQNBE1Fh/9oADAMBAAIRAxEAPwDIxqy2jo1pbTkjiYdIbDEQ6SPS8Pl1RrS2h+ES2iFNbS89bQm0/wAIkEsRI51NbQs5bQbT/CX1FrEvYjn4yO1DKNNzvmRlO2vMjKdt9gu03wnqRPCPyoF4Wp5qr+lP6FeD1PN1P05/Qau0zj10V3E4+PRXcK4mfQn7EvoTi5dGXssb/TabPEpRlaNtBhMbO9WT6zZV4vNloerYzG4mnLPl4stfRZy+Su/wXb5AmMjIXZ7GuwKLOL15MPTCUhSmtq7wlJbV3jVnGDbKBzltJnDTrFkZEC2CSb7WDJIhBpeE/as1Gj4Px0GdNNkGPinT4/bn8kx6rFzHNCqh2cHPMSx0xLIBIQgVRZCBEBaCIwEyQDQ6SAsVGOTltfePwTk5xV33g5o/Ax8pE4OvLMrTQo6FuLdA6Ka0LcEdHg1yKj1lSpO2s6ySWh7iLKx+OxM4zaUmfW8h04wweFUOS6FGo30pzgpSk+tts+Q5TXlJH1TgdX4zJ2EfPCE6L/x1JRXuUTD2yTI9W5LlsoCrlXLBYVM5lOb2kYLAtyYDkWwGBUmLklsXcgmAwFyhHox9lC5UodCHsRGyAYCZUIebh7EfoLlhafm6f6cfoPYLIOWWDpeap/px+guWCo+apfpx+h1sBkVxywNHzVP9OIUKcY8mKjuSQ5gMIBye0HOfOE0BI1OVlSwqoKY2oKZ2ZCQsoCiFkCIQhABYDQxgsqM4snyHYXBSjOL16TaRyTAZDJUE7nLw3eVxwQvZaObYS72e49lYdFrDoux5/wATxLvZ7ipy0PRzbD3lh0R4WL5hq/ifNcbg5Tm2tBvPs8usHUpS10sRKS9GpCNvfGQ95Lp7Pcd+R8PGnKpGOhTgpPfCSS/3ZnHol8Y72UEyiAWCGUADBYbBYUDQLDaBYC2gGhrQDAW0AxjQEgFMBjGAyBcgGMYDAWwGMYDAWwGMYLIOeQpjqopnfjdjFCRkIUUQhAiEIQCMEMFlRx/zoui+4n86flfcY6xcVpPPrtka+XDRr7rAfDaXRZk5oDNGpka7+dZ9Fj6fC2b+6zGQjpPToU9Q0x7mI4W1IvV7z0uCHCWdfG0qM1ZVY1or0lTlJe+JjcoU9KH8G6/E43CVOaGIoX9FzUZe5sauR9nkgRtWNm1sbQplZUCEygBYLDZTCgYLDYLAW0C0MYDRAtoXJDmjixGNjGrCjZynPZqitOl9xQySFyGyQuSIFsWxrFsAGAw2AyAGAxjAYCay0CGdU1oORnXh6ZqiFlG0UQhAiEIQCwWEUyjBhU1rLzQ4x0HmdqSyWDzS80L4DTWk9vDUvFR5FKOlGlwlLxBGa8zK9O0UzylJ61rWlb+Y0mWqHkkzP0qV2i1Y+6qqqkYVFqqwp1V68VL5gs4+D087BYVvXGkqb9STivckdrKyFlFkAFlMJlMAGCw2CwAZTQTKIPByxlmVKpxdNRvFJzlJN6Wr2S3WPMnleTlxip041bZrqeNLR1JuyGcJaDjXz/u1Ypp/mSSa+HeeUbmI02ScZOtGTnGNotRUo6M586t3d52SPEyFj4wvSnoU5Z0Jc2c0lZ9yPckZqlSFsaxbIFsBjGAyBbBYbAYAM5ZqzZ1s5660m+F8pSiiEOrKiEIBCEIEQjIRlGIGz0JFRjpCqrSeZ3uFslg80liNTMVSXjI1uCh5NbjLUY+MjXYReT7DXFjnn0RlKF6D6jL4LlpdZrKvjUpozOAp3rW2MVJ6fVeCkr4XN83Vl2KUYte9SPUZ4XBKp/Xp/kpVF6snF/7o91lRTKLKAooJgsAWCwmUwAYLCYLIOXKODjXg4S0PXGWtxltM1HIddycc2KS++5rMe62n3GtYDZdGbwORakasXUUVCDUrqSec1qSWvXtPckMkLkQKYDGSFsBbAYxgMgWwGMYtgCxNdaNw5gTV0WDkKIyjuwshVyAWUS5AiyXKKYGTprSC9YUHoYKPP9O/jVosolw14HS5SNVhv6fYZSk/GRqcO/J9heLHIGEleNRbzyMl0vLy6melkptymrPn5mXgcFNVZPMnr6Ei4zK97gtXtjMzzlKrDtUc9f6mtZhsg4etDG0qjpVFCNSOdJwaWa9D9zZuZKza2aAgSmWygqAstlMAWUy2CwBYLCYLIAYDDYDABi5ByAkAuQDDYDAWwGGwGQAwJBsBgAwWEwGB14LJMasM/Oaec00uZ/to6P4HT6TKyHV0zhtSmuzQ/ij05SO/G+HO+3nrI9JbWBVyPTeq8T0HIG5UeLVyLJcmSe846uAqx1xb3aTS3JcDJSi1rTW9FXNZOnF60nvRzTyfSbvmIprlp8BcKlZ1K0vWivgh0OBWCWuNSW+rL5Ghiw7jrP0m14cOCWBX4F/SnN/M6KfBvBL+2pdqb+J6liIZDa5aWRsLHk4aiv8AHE6FTow5qUfYicuW8JxtFxedZNS8W71X2GJxOS5Q0x8ePUvGW9Etz6ak37b54zDR11aEfXpoCWWcKv7il2Sv8D51xZFTJ3Xo31bhFg7Ncde6a8WFR/I76klJ5y1TUZrdJKXzPnEMBVlyaVSXo05P4I32Tm3hsO5JqXExhJSTTTg3DU/RRjldakw4plgsyICy2CwqMFltgsAWCy2CwBYEgmAyAZC2GwGAEgGGxbABgMNgMAGAw2AyAGBINgMBuT6mbVg+ZvMfbo+Nj3pIzDezWtW80sJ50Yy6SUu9XOnCs8lWJYNIJQOjBSiXmjlAvMATmguJ0OItoqOuIxICA1GhEESxdiAoO2o58Xk2nV0rydTauS96OgKLJhKyWUsjuL8eOZLmnHkS/f7Z42Lws4LNlOpTje96dapTi315rV+0+laJK0ldPmeo8bKOTIaVDTF66c1ePYzF4uk5PlWNjVpyUrwqa7VFKdSSXWpNs332e4hTydGOi9HEV6bskklLNqJW5uUzxMpcHbt8Usyb/ClyZei+b96j0OAL4rwrDTi6c5OnXjFq2c4pxlbboafYYrTVtlMq5VyItgsjYLktq7wqNgsCVaK1yiu1CKmUaMddWmt80QdDBZ588uYZfjwe53+Bz1OEmFX3290J/QaPVbAZ4dThbhlqcn2RXxZzy4X0vu0qkt1n8LgaFgMz38yVZcjCVJdlT/kv+JY6fJwUlvg/nJAe6xbPJjTyrPk4eMd6ivmxsch5XnrlGnucf+BlNdzYLTEx4H5Rly8Xm7nL5SQ2P2fVX/UxlR7m38bl61NgJO2vRv0HPUxVNa6lNb6kPqenT+zmh9+tVl7K+CR2UuAOCjrVSW+pP6jpTtGYqZRoL8WHY3L4IlTG0Vrr0l1cZFs2NPgfgI/28H6STOunkLCQ5OHpr1S9KnZgoYiE+RLP9FO3eabJl5042i1mpRatqse9HCUo6qcF6qCcUtSS3G+PHGbdedHD7Q8w62kA4mkczRQ9xAaKEyFMfNCWio6oIdFCoDolBJFpFoKxAKQSRZYFJB2T0NXXWUgkBzV8mwmtGjqepPqfMcEcPXw+dmUo14yVmpNp23/+HtIfQkZvHWpWNreGvkYT2sRo9yYlYPKktVChD0qtSX0N3cu5npF7V88qcFcp1ZOUsTCknbxIZ2bHRzaS48AcRLl42XZnfOTPoRQ6Q7Vg4fZxF8vE1JdkP+R9P7OcMtdSs/Xa+FjbEHWHaspT4AYJa4Sn6U5P4s66PAvAR1YeD3pM0FyrlyJteZS4O4SOqhTXqo6YZNox1U4LsOlsly4Fxw8FqhH2UGopakl2EuVcIIlmBcrOYDM1gyQDkwWwLbKbKbBYEbBbLYDApsFstlMAGwWGwWADAkGBIqFzESHTEso6YMdFkIUNiw0QhBZZCAWWQgFpDqZCEUdyyEAhCyEFEIQCFEIBRCEAoq5RAIUyEAq4JCAUymUQCmCWQAWCyEAFgsshQDFSZCBCpsRJkIUf/9k=',0),
											(5,'data:image/jpeg;base64,/9j/4AAQSkZJRgABAQAAAQABAAD/2wCEAAoHCBQSEhgUFBQYGRgZGRkaGBgZGBkaGh0aGhgaGh0bGBobJC0lHSMqHxkbJTclKi4xNDQ0GyM6PzoyPi0zNDEBCwsLEA8QHRISHTwqJCMzMzMzMzkzMzEzMzMzMzMzMzMxMzEzMTQzMzMzMzMzMzMzNDUzMzMzMzMzMzMzMzMzM//AABEIAOEA4QMBIgACEQEDEQH/xAAcAAABBQEBAQAAAAAAAAAAAAAAAgMEBQYHAQj/xABMEAACAQIDAggJCQYFAwQDAAABAgMAEQQSIQUxBhMiMkFRYZIVUlNxgZGhstEHFCMkM0JygrFic5PB0vBDRFSi4RZjwjRFs9MXg6P/xAAYAQEBAQEBAAAAAAAAAAAAAAAAAQIDBP/EACQRAQEAAgICAgICAwAAAAAAAAABAhESMSFBA1ETImGhMnGR/9oADAMBAAIRAxEAPwDspNRG2nADYzRg9RdfjWB+WXbGIwuHgMDFc8jKzDWxy3XQ6X5397uNw4+aQ3fEPrqT56smx9ReFIPLR/xE+NHhODy0ffT4187YbBuzLmxcoRtxFvSDrvrS/wDRzMoePHzMh6cq3HYwvoa3fiynca4V2TwnB5aP+Ivxo8JQeWj76/GuMf8ASD/66f1D40peB0h/z0/qHxqXCwuNjsvhKDy0f8RfjR4Sg8tH/EX41yBeBMh/z8/dHxp9eAbH/wBwxHdHxrOmdOseEofLR99fjXvhGHy0ffX41ytfk9c/+44jur/VWf4W8GMVglWSPFzOh0YnQq3Rex3EfoaSbXTunhCHy0ffX40eEIfKx99fjXy788xH+ok7xq923s+eKKHEQ4uZ4pUzBibFXBs6NY71NXjUfQvhGHysffX40eEYfKx99fjXyvNtHFLunkPXyz8avY+D+22AIWQg9Imj/rqWaH0X4Rh8rH31+NHhGHysffX4184S7H2wkiRMJQ8mbiwZU5WQXYBs1rga230naOy9q4VOMxJlROhuMVtbgfdY9LD100afSPhGHysffX40eEYfKx99fjXzHiZ8QkKSriZTmd0cZjyWUKy9PSpJ/KahjaeJ/wBRJ3jVuNi6fVHhCHysffX40eEIfLR99fjXy2uPxB/zMneNSsFNPI4U4qUAm183/NWYWklr6a8Iw+Wj76/GvPCUHlo++vxriGyeDkk8Jk+fThlcoVFjbS4O/ps3qqUvA+Q/56f1D41fxZNcK7L4Sg8tH31+NHhKDy0f8RfjXJoOAMjf5+fuj415ieArI5UbQnNt5yjf021qXCxLjXWvCcHlo/4i/GjwnB5aP+Inxrj/AP0Q/wDrp+6vxpxeAbkXOPmA6yq+zXWs6TjXXBtOA7po++vxqSrAi4N/NXFZuBTKCV2hMLAm7IttOkgNVj8i23MTiXxCTOXVFjsTvBJYAaabgdd+nTpYadcoryiojC/LFs/jtkyMBcxOko9ByN/tdq+esM/Jr6w23gRicNNAd0kbp3lIB9Zr5MiRhmup5PO0PJ1tyurXTWtY3VFzgNoFNN6neDu/4rWbG4QNEbqSV6QNSB1FekVz9Wp+HElTcGvTh82pq9NzKx2fBbaw045wRuzd6ju9B9FWiYUnVCrDsOvqOtcVh2iDzt/jKbH09fpq4wG25o/spQR4rafrpXTjjlP1rcyldYRGG9SPRUqI1gMJw9lj0kjNusE2/mPbV1heH+HbnafiT+m9cMvhyiXFsYzScVhVljaN1DKwswPSKpsNwswj/wCIney+xqs4NsQPzXB8zA/pWPx5T0zxrlfCngZJh2LxgsnWBqPPUfgxtNY1bC4gEwSG/WY5NwkUewjpFdm+dROLEgg9YrN7Y4F4bEEvEwR+zmn0V0ws3+001J58ub8IeCz4ds6jMjaq66qQdxB6RWv+T7bqsi4SU2dBaMnc6AaLfxlAtbpUA9DGpWCwuKwKmOWPjYDvHOA7VP3TTGI4LwYk58HJlcHNxbclgRrdeqx6RXXLDGzf9t34/ca/aWyxPGFuVdWV43HOR11Vl6+ojcQSOmom1oI8XhZIsTkjZQM5Y2RWPJDqT9xsxF94zEaEVV7P21icKcmKRiPGOgPaG3A9h0P7OpNtjttYSSM8YC4ynMqrd1Q6Fsg1ZOgsuZT2157hZfPTFws7cYxey3w8kmEm0DWKudQGXVHFt4sxDW+69xfS+emhaNijCzKbEf8AI3gjUEaEEGunYzZnGJ9VkTHYYahEcLioOm8YOrAXPJtrfcLk1SYnZEc6lS3KQEBwtmTXmyx70HWdY73IZLm++Myng4y9McjVJgkykHqpW09kzYUjjE5J1VxqjDoKsNLfr0XqKj1iWys9OicF9rrHJZzaKawJ6EkG4nsvf0Meqt/FDY61wvBY3JoRdTvH8x1Gt9wZ4V8UojlJeIaK41kjHU46VHs9ldt78x0mW3TMGliKqmFzU7AY+ORA8bqyncym4/4PYda9xOHF8y7j7K42+WbfKJkVBmOp6BUSSQsbmnto30PRaq7jKyiBwsxnFYHEPex4tkB6bvyBb0tTvyFbPyYCSYjWWUgHrWNQo/3F6zHynYzLhEjB1eQXHWqKSf8AcVrqfALZ/wA22ZhY7WPFKzD9qTlt7WNYrOXbR0UUVGXlcF2SvzLhJiICQFkaVdRdcrqJ0BHVoo9Nd6rg/wAtOEMG04cQpy8ZGvKFwc0bFSbrY80pu1qwaLbHArB4i7LAFbxsKyofTGbp7B5657tbgoIWIE+W3RiIpIvU4DIfWKcTaUgP/q79XLxX6MrVYQbdxi83EkjqzMV9TwgV2/Wum4yb7KmGoTOOuJklH/8AMtb01ELMhym6sN4OhHnBraTbQeQ3khw7npJjjVj+ZDGaS2JDCzYU26kfT1PI/wClOM9VnUZWLaEi7mNSV2mDz0U+jX1irN8PhmuDBKt+pQfcQfrTEmy4OgYhR+4c+0tW5llOqeUdcVEd6sPMx/nenVeI7pHHnsab8DxndI4/HG6/oppltlgf48Xrf+aVqfLl9LurOLEleZiXXzFh+hqdDtnFJzcYfzXb3gazh2c3RLGfzEfqBSDg5B9+P+Ig/Uir+X7xOVbzCcM8an+JE4/aDD9LCrBOGKyG82EXN48Miq/n1tXLmDr0p6HjP6NSfnDDp9tPyY/Sz5LHcMHwtgYZWkex+7PGW9ciBl9YqQ2CwmJH0bRnW9kdLZusIbgHtGU9orhK4px0mnBtCTxj66zyx9eF/I6PtngQFfjEd0ca5mV8tx+3fkn9oyMagy4LEsoZwZso5MiPxpW3Ssi5Zr9gJFZbCcJsZF9nPItugMQPVuqd/wBa4tiDII5SNxkhRm9DWDD10mUhyiyTa8sJKMQ6m5ZJRZmvbUjLYnozOjN21BxOGwM1zkfDP1x/SR37EuT6boOynF4buQRJh0YHeA8oHddnX2U2dtYWTn4FtfEZfZxaRn20txqbivk2A+vFSxTAdCuFb0q1gPMGNQ2jmgN2R0t0lSB3t1XDrhH3YfGr+CMMP97tSljQfZzYlD1PC59iC1Z4z0iPs3hA8bZlYqelkNr/AIl5reqthszh6wsJMrDrHIb0qeT6jWXOAL6mRH7Xw7D276hybNAO+DziSRfYwIFa3b/lNryvt1jDcI8PMLZwt+h+SPXu9Rp94L6qQR1jWuOGEJqJFH4ZQf8AxFP4faM0ZukpHmZL+9esXDG9eF3Fpw4iOJ2jhcIPvFFNt4MsmU/7VU19BxoFAAFgAAB2Cvn/AOThXxu3VlkJYxq7knqRRGvtZa+g64XtzvYoooqI9rlny8bPz4KGcDWKXKT1LIpv/uRK6nWY+UTZ/wA42XiY7XIjLjrvGRILd23poOOYTaeHEMf3nZVuqJmOa2oPHZgdb80+gVMSSQkWwwjvuLqI3YdapdM3ovWd2RwqfD4UQopzAtqLR6MbjM6WdtSdMyi1t9VuK2pNJcM5CneiWRT+ILbN52ua7TKab3GwxG0VjuHmAPSpyZh51Vc49RqoxO3478l5D5hZfWSCPVWfw+EZtAK0exeCUuIPIQsBvYnKg87H+V66Y8r5i7t6Vb7Wd9yufxSOw9QtSMkjDmIv7RH9ZIrqGzOAcCWM0hc+JGMi+lzyj6LVp8BsvCw/ZwID4xGZvSzb61cZO7teFcXwmwcVLzEY9qRADvBQvtq5w3APGvqUcfjcL7pauu4zakWGUNNIkQO7MQpP4VGregVldpfKZChywRPI3Qzni19Cm8h7orHKeoajOx/JrOeeUHnd3/ktev8AJ6YxdpYlHbG36lxUifb218Z9nG6Kd2RAgt+OQ39IFR04FbQxBvK6/nd5G9lh7a6z5JO9f8PCmxux8PF/m4WPUsRb2iQgVUrc7kQ+ZL1speCWHw5tiMby/EhRM/ptmI85Ip/B7KwbDNHA8ig2LSF5iewIpCA9l281ame/MizHfTFpvtxakncLKp9VyfZVhBsPESczC286sPa1hW3HzlEIwuBjSwNjMyAt+GGIBB2Zz56iR7B2tihfEOqIb2GbTX/tR2Vh5zWb8l6ul1GTm2PxZtLLCh8UBnb1Lce2ozGBNzSOexIox6znPsrbngBGF1mII1ckqAq2Nzuyp18rNu6N9R5zsvArmIEjDc73y3/7aDlN0aXC9INY39M8fplYS8nJigZj2vIx9AjyX9VWC7IxbDUKijeCoe34hJmdaY2l8oErApho0iTrKqfUigRj8wY9tZjGY6bEG80jv1BmJUfhHNX0AVOU/wBp4X2IWKPR8Yt+kRAML/8A6xp6bVXSYyLULxz/AInyr+p/SouFwDSbhoN7HRR5ydBWv2JwIklsxWyn7zgqD+FOe3nOQdtXz30aZLjAx5EKX7czn+Q9lSsPs6eRrJGoPUEW/qsWrrmzuBMEYu/K678le4u/zMWq2WCOFbIgVRuAAHqA0FZucn8/0eHKsJwIxkguzZB1k5R6tD7KsH4ERxRtJNiGIRWZgo0soJOp81bSfFMxrNcNsWY8BMelgIx+dgD/ALc1Yud9Q9E/IFgbnFYkjxI1Prd//CuzVhPke2fxOyY2Is0rPIfS2RT3UU+mt3XFzFFFFAU3KgZSpFwwII7CLGnKKD5ExeDMGIlgO+OR0PnRyv8AKp2BwWc/qeqrz5UsCcPtiVrcmQJILftLY/71aqmDasaLbK28X0XcNfG67equvx8faz+W04K8H0kvJICI039bnoHZfq7Omtrx1gEQBVG5VFgP766w2zOH2Fig4pop75gbhUtut0vTW0PlBjYKsCSpc8uQohdR1Rrntc9ZOnRqbjvl8uO9TqdOszxjZ4/bEOG+1c5zzY0GaQ33cnov0FiAeimFfamLH0Ua4SM/fc3lI69RcadSqR4xrNbJ4bbNwuseHxLOedLIsbyMTvOYvyb9ntq0/wDyrhemLE9yP/7K45fJtMs9rXBfJ7Bmz4iWSdzziWKg+c3zN+YmtNgNi4aAWihRPMoB9J6axCfKvgx/g4nuR/8A2UjGfKzh+Lbi4Jy9jkDqgTN0Zirk28wrncrWNtltzhDh8El5DyjzEWxdvMOgdp0rnO1eF+NxrcXCGRWOVUjvnYnoZ958wsKyibcjeRpsSJZJGNzouXsHO3DoA0FaTYfDjC4e7NDMXOi5UjyqvUvLGp6T5h131jZPJGl4N8BUjAkxhDvv4oH6Nfx2+0P+38W+to80cQVQgzHREUAEgdXQqjpO4eoVz5flTwo/wcR3Y/66i4L5SsOC7yxTl3P3VQhUHNRbuNOnznptelz33V3HUI/GcrffYc0ebpbzn0Abqptv7ZMUbSzExQg2A/xZG6FVei9tx6NT2Y6b5T8MSuWLEWFybrHv0y/f8589uqsjwo4VjHYhGcScSgAVDa/Wx0bQsdL33AUxs3teSRwh4XSzAX5KaNFACcqjokkO92O8X84yi2bJyytIxZ2LMek/oOodg0pE85kYuwJZjc7reYa6AbgOgAV4slvun2fGrlltLls8iVcbJ2YZCGIJFwqqvOdzuRO3t6Kp0xIG9W9nxrWbG4U4aBsxjlJWMJHZU0LfaObvvPNHYTWsLjO1x17bfYmwo4srSBWcc0DWOP8AAPvN1yHXqtvOywKXrlqfKHhwfsp+6n9dWWF+VPCIReHE+hY/66Z5S+1ys9Vu8Tiszdg0FMYlc6adG/01gG+UjDXNosRa+nJj/roT5S8OpuI8R3Y/66xbE3GvKVgvlUmIighUEl3Z7D9gBQLdpf2VYP8AKRgzrxOIB7Fjt79UkWOXa22sEEVlRWTkuFBPFs0r6KTvVbeis2pb4d22JgRhsNDAN0caJ3VAJ9YqwoorLAooooCiiig5z8qrYVkjSTDpLMQxRiXUxpe17oQzXO5b20J6NeS+Bo+o941035S0vjE/cJ78lYbGY9YCAYw5N+czLawHi+f2VRV+Bo+o940vwTH4n+9qkeH1/wBMnfk+NOJt1CrE4ZLgAjlv0sF117aIqH2EbmzgC5sMpNh1XvrXngJvKDun41bNtwABjhUsb2OeTW2+2tOvtgcYUTCo1v23voLnpoKTwC3lB3D8aPALeUHdP9VXC7eTIT82S4Kgct7coMev9j20p9sZMpfCIA2o5b6jTdr20FL4Bbyg7h+NHgFvKDun41dPtkZ3VcKhyZr8t+apsSda88Opxeb5sl81ue9rWv10FN4Bbyg7p+NHgFvKDuH+qrtNsDOivhUGfJblvzXtZhr202m3AwLLhUsNTy30B3X1oKjwC3lB3D/VR4Bbyg7p+NXLbdTKpGGS5LC2d+jLu1/a9lOLta0gSTCqpP7b33Ht7KCi8At5Qd0/GjwC3lB3D/VVwu2rqWGETKNCc8lgdN+vbSjttTky4ZCXG7O+/OygDX9n20FL4Bbyg7p/qo8At5Qd0/1VdDbAVmV8KqlQxIzuDdVLWNz2e2m/DnJzfNUy3tfPJa9ibb+oUFT4Cbxx3D/VQdhN5Qd0/Grp9srdAuGQlgptnfedLDWvF22vLDYZAVF7Z5N+ZVsdf2vZQQfBMfiHvtSfA0fUe8annbFkD/NEyk2DZ5LX17ew+o0SbcS9hhk5qnV5PvIrdf7VqCB4Hj6j3jXSvko+apI0Yw6JPkJWXMzF0BGYcsnKdx5NgddBasNhdpLM2XilQjpV3PoIatfwCS20IvM//wAbUHYKKKKiiiiigKKKKDmXyjL9bT9ynvyVzrbMF3UkAqCQRnVDqq2sW81dJ+UJfrafuV9+Sua8JV5SedvdSqir+aMzWQLqdF4yNj5tG19VLjwrZXuUBsABxianOpP3uoGk4Kxmjtbnpuv4y9dMYd+QdRooOu/nKOT26+q9UPPgnyroBe+pkjsdfu66W6dTT8uEZpWy5XBvbJJGCRboub+zopiZrRob+P8AqKeH/qCvJ5r6JzfsWOlA2mEbi21S+ZCBxiXIAcE8633hXsmEksl7AW0LSoRbddddBp27qaQ/RsbroV387p5vZ1+bsr2Q/ZajWPpNh9tLvJ6KB98IxkcgBhdyCssY0JPKOu6x1GnnFJ+atxdrpfPe3GR3tlAvzrb6Un2koupssnM5ul+b2dXZTF/or3Xn2/b5t9/i/wA/PqD6YVhIhaygFCS0sZ0BBuNd1hoNabiwThW0BsNSssYAF97a6jd1UtlzSRqGUXji1bm8xd9MKdJdRog3G4+3iGhHRQOvhW4tdUvmckcZHoCEAvyv2TTkWEZZRmyoBfnyISLqd9j29XTUZ3+jXVb3fdfN93ndmunpqS6Fp8oZRcLq3NH0anWgZTBPkY5QbW1EseUX8YX1vbrHppb4VrJYoSFIIEiXBzubc7qYddNRNeJz+1H+klJxS2jQ5lOZW0B1Fied/fRQSUwbB2BypyZBZpEJuUZQDY77nqFNjBvkJyjfbNxseW/URffa/TS3TNPMMyizzHlGw0dhYdut/RTQb6En/uL7j0Dz4ViyWytyVBCyIDe50Gu/10lMIwz3yLySADJGTfOhtod9geqm8M30kfa6dIP3x1bvNSeMsXGnTvO7lDm67/5XoHGwjhAbAa84yx5TboAvv3dNeT4U5hZkNlQXEke8Iqne3WDTb6xp+OX3MPRBh2kNlA062VfeIoLLYmGKuScttBo6Nvv4pPVW/wCAy/X4/M/uNWD2HAUlYNa9gdCD09akiug8Cl+vR+Z/caoOqUUUVFFFFFAUUUUHOuHw+tr+6T35K53whlyZRkRrs3PXNaypu6t/sFdI4dj60v7pffkrnvCBFzIzOi2ZrK6uwa6JfmAnSw9dVFBHjyjBljjBBuDkGh6xS4J1KOTDFdVUjkAWu6KdBpuY0l4YySeOjFzewSYAeYZN1OwQRZXTj0zOEVeRLa+dG5RKi3Nt6ao8mxREaExR5OUU5CdfK3ajUdO+1SiSJ3SGCO63sAik5Stjv/Fb01CmwP8AhtiUshYAWlIU35WUZLbx0b7VJxuHDO00eIRVZrDSQNcKpI5K9o17aBhJ04tzxMVw6KDkG5lkJ7PuD20qbFHkZ4oiMoyDIvMLE9GoFyfWT017h8AjIYxOmd3jy8iQLyRItiSulzIOjopoYUEjNiUIFgOTKbC+5br7KCRxpEkqxRR2XjAwCL9mrZTfNv0tem+NTis/ExX4zLfIN2QHzb6VisIC7SLiECyO5HJkBsWuQwC/tDz0qPBq0YjE6Z85fVZAtgmupXfoTQCTh5Y1kiiIYxrzE5jFQByd3JOg6NKZgxd1fLFEAVGcZFtlzAjfrbNl9OXptXuFw6rIjtOhCujGySk2RgbC6joFqQ2zgoH1hLMLjkyXKhiNQF05SHTsoFPOgjRuJiuWcE5BuURkdn3zUhJM84WWGMsbhgUUHkqbc3qygeim/mKPGqCdMycY7XRwMpCbjl1ICHS3TXuEiVZVkkxCta9zllZjySo5y9o9VAymM5DARx5SVzDItri5X/y9tLaVbR5YYrupPMBueMdBodNyimn2dlsDiE1Ctosm4jQnkb/jT74NWRMuIS8aHMSsg3ysQV5Nzq6ig948NI/GRRMxSRyci6sI2kDXU2N7A36b0gYk8WTxUeTPryEtny+u9jv7aIIFzMz4hSSjrfJKxu6MgJuo8a/opuXZ2U5TOmljoJSOUAfE6RagkPOiPGVjiUlUbNkGjEnla7rWvTceJRuMJiiJCZgcgHKLxrfTsc07LhVbI6Tx/RoitmSQcoE7gF1BpqDCxqHzYhOUmUWSQ650e7Eru5FunfQJbGDi1HFxWzPyci6aJduvlaD8nZp7PiFzgCOJQVjPMvbPGjneetjSMRgwh4tp47oz3ssp1OUEXCW0yDd205IkecMs6GyxryklF8iIhuAp0OXr6aCbwenzuwyIvNN1XKd5Fj2a1v8AgaPrsfmf3GrCcHIUV2KyK55IsFcaXOvLUeyt/wAEF+uR+Z/caoOmUUUVFFFFFAUUUUGB4cD60v7pffkrm3CtOUl2Ci7jMb2HIj3267V0zhqPrK/u19+SudcKcVJGV4t2TMzXym17LHbX8x9dUZowJY/TJp0crXzcmmsOwLrr95f1FSvCk/ln77UeFJ/LP32qobxGJRZZgwvypFHKtlbObN226qSZR83DX041xftyRmrHA7TmOe8rm0bEXYmxuuovuPbSDtGfiw/GvYsVHLfeACezpH93oI2DxKSYmEILcuIEA3uQ63NRoMUioysLkgAG9spG/wDvsq4k2jM0iKJWUskWuYqLtEjEsRu1JJNJi2nNklvI5KqtiSSQeOjUkX1GjEemgrcRIBDEb7zLY+YxincJiFkn5IAuHsgN7Di30031JfaM4RW417Ne3LfoNtej+x11JxGPmM7IsrL+YqosgJ5u7poKRMXHxbKRdiQQ19wG8W/vf2U7NKFWAsLjITbdcCeW4v5v1qfHtSXinPGPo8YBzG4zCQmx3jmj1V5Pj50VGMrHOMy8smwvbUH9KCJhp1d3Kiw4qQ2BvYBDfXz/AK1E+cplt03GtxawB0t5z7KvZsZM08qrKy5XksM5UZVciwtpu6Oym/CcvE34x+eBfMb2yE2vvt2UEHEzqjxFhcZImKk2zLYaX7bEXpGHlDLORuEYPmHHxb/RVrHjZlliVpS2dk0DlhZnAswPZ0dtRxtaTlXlcHW1mIF77jY6C1+igq3xKZABowvmN9CNLea2tSsbIFnsWykLHvtp9Eh3Gpj7Vm4pDxj6vKL5jeyrCQCd5sXb109gtpyNOgEjspP3mJ6NQQdDr0+nTdQVWHkBhlN9AY7nquzCosuKBUDMTYGwvuuSbL+vnJq2j2tLka8kl9LWdrb9bj+99LxO05uLiIkcXVySGIJtI66kb9ABQQtqm2IlB8o/vmmYVVibyKv4r6+oGpJ2pP5aTvtXnhSfyz99qC04MIBK4DKwyrqt7bz1gdVdF4Jj65H5n9xqwPBnFySSMskjMAFIDEmxuRpfz10LgoPrafn9xqg6JRRRUUUUUUBRRRQYjhkPrK/u199651woeNGQuXDBmylAp0KIGvm84t6a6PwvH1hf3a+89c74UYYtJGTG7oGbOI1JaxRLbu1T6jVRRwxRzOmZpuU6xhiEIBO4EA3trURBh2tbjtd1xGPXc2HrqTszASfOYzxUiqJEN2RhZQ4PKYgDcKZg2awUB4sRmAANoiQDpex6emqJKrh448x448YjpayDLYqL3ub0xhsFA7KM0wDByDaM/ZozkWBvuX2ipE2zpOLhBjly3lvZCzgZhlzL0Xt09tq9wGz5OMGWOYDLLz0KjWKRRqdLkkD00EPEth3KkceLJGn+GeYgQH0hRUmLDQJHMH48XjRh9nzTNHYix8bLv6L9lMJs5rC8WIvpe0Tb+m1Px7PkMc2WOX7NBy0Kknj42so6eSpOnUaCDxeH65vVHT+MfDySF/plvbTkHcAN/opnwfN5GT+G/wAKPB83kZP4b/CgcR8OI3T6Y52Q35GmTPbTpvnPsptUw9983bzBR8wm8jJ/Df4UfMJvIyfw3+FAvEtBJI7/AEwzuz2+jNizFiAfOaVnw/F8X9Nz8+bkeLltb2014Pm8jJ/Df4UfMJvIyfw3+FA/s5MPx0es32iW0jtfOtr67r2v2V5PhoRd/p8jMwU2j1s3nuN393pWz8BLx0ZMUgAkjJJRgAA6kkkiwFq98HPqHjxFwTosRZd53G+v/NB7EmGkQR3mXJxsma0ZvyFYrbo5MQtrvPq8wzQxSJI3HNblAXj1FiBqL/2Kdw2zXzNkim+zmvnTINYWVQupuSxtbzUw2z2y/Z4i9umJrX6vNegu8BwSjliV1nkCuA1iqX0va9uq5pzavByKHDh2kciJSNApLZ5CRobW1f1VDmmxsawpHxqoIkuETNYktmvpzt2hI6N1IEmNljmSQSsmS6h0ykkSxkW01bKG0F+nfQVZSCwP01iSAbJvFiRv/aHrrSYHgqjIkqTOM6K63RbgOt9dd9jWZOz5bD6KW9zf6JrW0tY21PO06LDffS4lnxsbJGOOVFjhUBIw9rQoGAsLE58wOtBf4XY4gfOZGdmKrygBYC56K1XBdfrafn9xqw3B3EYqSQifPl5OXOmXXlXy3Avpf2VvODQ+tJ+f3GqDe0UUVFFFFFAUUUUGN4WD6wv4F956omjB3gHzgH9a0HCofTj92vvPVNlqoY+bp4i90V583TxF7o+FSMte2qiN83TxF7o+Fe/N08Re6KkZaLUEf5uniL3RSOIXxV7q/CpdqaAoGeIXxV7q/CjiF8Ve6vwp61FqBniF8Ve6vwo4hfFXur8KetRagZ4hfFXur8KOIXxV7q/CnrUWoGeIXxV7q/CjiF8Ve6vwp61FqBkwL4q91fhS/m6eIvdFLIp21BH+bp4i90UfN08Re6KkWotQR/m6eIvdFHzdPEXuin8tGWgYWJRuUDzAD9KteDg+tJ+f3GqDlqy4PD6yn5vcaoNtRRRUUUUUUBRRRQZLhQPpx+7X3nqntV3wlH0w/AvvNVRaqhFqLU5avLVQi1FqXai1Ai1MgVJtTAFB5avLUu1FqBNq8tS7UWoEWr21KtRagTai1KtRagQRTtqQRT9qBu1e2pdqLUCLV5lpy1FqBu1WPB8fWU/N7hqFarDYI+sJ+b3DUGxoooqKKKKKAooooMvwkH0w/dj3mqptVvwiH0w/APeaqq1VCbUWpVqLVQm1FqVai1Am1MBalWppVoG8tGWnMtGWgby0WpzLRloG8tGWnMtGWgby0Zacy0ZaBorT9qSV0py1Am1FqVai1Am1FqVai1Am1T9hD6wn5vdNQrVP2GPp0/N7pqDW0UUVFFFFFAUUUUFJt3BF7OouQLEdm8W9vrrPlSOg+o1u6RkHUKuxh7HqPqNe2PUfUa2+QdQoyDqFNjEW7D6jRY9R9Rrb5B1CjIOoU2MRbsPqNJyHt7prc5B1CjIOoU2MLkP9q3xr3If7Rq3OQdQoyDqFNjCohYX3dhRgaXxR6x3Wrb5B1CjIOoU2MRxR6x3WpLRkdN/MrVucg6hRkHUKbGFVSRex9KNf00ZD/an41usg6hRkHUKbGG4s9vdNK9B9Rrb5B1CjIOoU2MRY9R9Rot2H1GtvkHUKMg6hTYxFuw+o15Y9R9RrcZB1CjIOoU2MOFPUfUavNhYBlbjHFtLKOnXpPo/WrzIOoUumwUUUVAUUUUBRRRQFFFFAUUUUBRRRQFFFFAUUUUBRRRQFFFFAUUUUBRRRQFFFFAUUUUBRRRQFFFFAUUUUH//Z',0),
											(6,'data:image/jpeg;base64,/9j/4AAQSkZJRgABAQAAAQABAAD/2wCEAAkGBxAQDw8PDxAPEA8PDw0PDQ8NDw8PDw0OFREWFhURFRUYHSggGBolGxUVITEhJSkrLi4uFx8zODMtNygtLisBCgoKDg0OGhAQFy0dHx0tLSsrLS0rLS0tLS0tLS0rLS0tLS0tLS0tKy0rLS0tLS0tLS0uLS03Ny03NzctNzcrLf/AABEIAMIBAwMBIgACEQEDEQH/xAAcAAABBQEBAQAAAAAAAAAAAAABAAIDBAYFBwj/xAA9EAACAQIEBAMFBgMHBQAAAAAAAQIDEQQFEiEGMUFRE3GRIlJhgaEHFDJiscFCcpIWI1OywvDxFTRDc9H/xAAZAQADAQEBAAAAAAAAAAAAAAAAAQMCBAX/xAAlEQEBAAICAgICAQUAAAAAAAAAAQIRAxIhMRNBUWEiBAUyQnH/2gAMAwEAAhEDEQA/APXJ46HvL1Q6OLh3XqZAFxfL+nPeD9thUxcO6HUq8X1Rj1IKqPu/Ufy/ovg8722FSrHuGE13Mgq0vefqPWJn7z9R/KV4LvbWtocmjJLG1PeY9ZhU94PkhTgrT7XHaTLrMai3uX8tzGUm1Jr5GpnKzeGzzXY0AnEMKqZI47GtpzCWeEUYh0k0Yi0B2P4kOkbGJY0kWpIJSvHpXmrMZNu6JJyV7hpR1O5vafTd0c4j9Iq0khtOqupnbfWbSaSnjKjjyLkaiKWMknyNYe/LPLNY7iCNS/NhhGJxMTmsI1lR/ie/kjr4WaaKbiHXKebCqNdCCdW3IlxDS3KiqxfJoLZFMd6XISdtzD8dcUSw1qdL8b+i7m2jPY8y47wV6sqvPaxPPk8eHRwcXbPy8+zTOKs29Um2+Zz8Ji5wnGcXaUXdMjxlT25eZBGRP6dlfQvBOdvE4eEnztud6czyP7Oc/dKPhuLsuTRsqmdyk3p2Xx5nBnx555/8TvHZ6jU3j3EZB5jV94Rb4+Rj46qZhxGouUYbtfQfw7mkqt9e2/IzWOrqEJSSuzK4biKtSnJrvy+BqY7ddmns2YYtUoamzn5VnMa0rLoZCefPEUdLutt/gRZbjo4a2/a/cWh18belOtFOzauSOSSv0Mc6sqjjUU+XRdS99/n4cl2TDrWb4aCGIi02uhFSx0JNxvuZPIeIadpwk/aTaafM4OZZ/wCFi1ofst7+YdTei5nXtGyauTZJWaScmedZljMRVUZ052SW67lnK88rJaZ7NbfBhrc8ezuF15j12ni9077HSpZlB2Vzy/L89q6rSTUejLEc6aqP2tuZzcXJz/J1znhHLi16eqU8TB9UV6uZQUtOpX8zxTMuNKlCs3CTkpO2m79SGlnzVV15z9qdurt5HeVxunuGKzOnCLlKSStzbsZ6lnsa0n4buk+a5HlHFfEc61Jxu9Nu/NkHDHF3gQUZJu3Yne9n4HTc8vbY4i6LWJxypUpT29mLZ5TDjxPpJea5lLPuOZVaMqcNtWz8h45Z+qnOOy7bvK+JpYnmlF373O/RrOW3qeCZHn86NWLcrxbWq56zQz+CoqrqV9N35GcrljlDzwn00ubYnw6E5LmoNq3PkYHKOJpxpSVRyqTvJ7832Rzc7+0iDhOnpd2mlbkzH5DxCo1ZOr/E20v2Lby9xrDjxs65R38RntSFZ16kXd327LsbvhvPPGpqXS1zzrNMRGurwWxJlGZyw8XHp0+BG5XG+3Tl/S3l1JHomfY9ulLQ97M4HCeKlOTvJve2/mZ9cQtatV2pP0K2FzKVOTnT6u7SHu3zXTl/auXj47429RzHM4UUrvnsY3jfEJ0HNPmc58QOvOMZp3uihxtOfhRinaLaVu48cL9vOxxuNYDw3Nyk+7I9J1cbRUKatzf+2clyLNVquC8XplKD6myw0Hrv0PMcprONWDTtul8j1vBtOnF90TuH8tqzk/j1cjF59GnOULP2Xbl8BHWlh4N3cU35CNp6YbG42UlpXI5ihTgm5c33PXP7E0fdRHLgPDvnGL8zn06PknvTB4TCxlh9cLck1bqUaMFKyfNux6phuEqVOGiKSXZFaPBNJSUkldO49Md64OAy+rGK3urfQu4ZbSjI1lPKkopFeWQpu5rFPLy8kxmE0YqbWymcTiCmoyUk97nsWJ4KhUlqfPzKdb7O6MvxJPzHL5alnXTyrCZ/UjFJq6Ro8Bi/Epqffc7uecFUMLSjU0p3qRil0u03v6FCEEui9Dcwl8wfLZ4rt4WSlTj5Gf4rc6aUoSaZYi7ctvLYMo357/zb/qU6xLdcHLMHOX95NXfO7VwYiVNtxdrx6PZ+hoY7Kyul2XIa6UW7uMb93FXM3Df23OTU1pwMPgoVY2ctvM6eFy6jTir2+ZblQj1jF97xQ37vD3If0xMXjyv21OaT/U1Uaa3srHMzuhC14+ex2XTTVmlbtbYZKhF7OMWuzSYTisu9nlzSzWmMTOvQx1V0dGqVrW+R2ng6f+HD+iJJyVly7dCtm0duPl2TKqk5rm+pW4lyKOHipw5dTQurK1ru3w2I8TJ1Fpqe2u0tzFxy3vanyYddacPIHOcNuW6RcjhqjbbLVGCp/gShfnpVh7xM0tpfSL/YxeK72rx/1PTX6U8VgpKF935I5lJ1Ib6ZW63RrckxbnU8OraSknpdkmmle23SyZPnlCEYOy7k72xvWvRn9xuc8+mdoRqbVIq9rPYq51mM8RKnCzWmSudXLZyUJK110K+X4CXiOc11bRq5XH28/LDHLLw6iwFPwlqXTqYTiNU1VtC3W9jYZ1mUadN78ked1qjnNyfNszw7yu6ObUmlnCOzi/zL9T13K53owfwR5DQ2PTMmzKmqELy5JHRXPHbEUVmVPuIWj29GuK4BETG4rgFYAKDcaIAOoNxoRhxeM6WrBVH1hKlNf1pP6NnniPUs4o+JhsRDrKjVS89Lt9bHlkSvH6TyPQ4ahyKMiggCAEaw3AwBIDFEEmAK4GC4GwBSI7hkxkgIpEU2PkyKbAJsvqaa1J/nivXb9zRZlgZyV7OxkvEcWpLnFqS807ntVDDQlGMrJqSUl5NXJcmG7Ktx5amnmdDATSfs2XkcnMcTVheKhLbsj1vE4CPRI5WIy2m+cUQuH5WnJfp4PmVarNvWpJX5NMoRZ7risjoNPVFW8jN5jwhhKl3G0X8NmVxzknpLKW3y86ou6Ovg37Cir3bLOP4UnSu4T1Ls+fqO4dwUnVWqLSiV7TW07PppcJli8ON+dtwHQeNhH2b8thEPkyb6Rt/vbE8VIisGxLtVep/3qQfvTIrBSDvR1S/emL7yyPSKwd6OsSrFMcsUQqItId6OiysSnz5dTyqdPRKUPclKH9Lt+x6aonn2f0tGLrx/Pq/rSn/qLcOW7pLkx0qJhuRph1HQkfccmR3DcAdcVxlwXAH3BcbqBqAC2MkxOQxsCOuMcgNjHIAMmRSYZSIpSHoGzZ7XwnW8TAYWfN+DCLf5orS/qjw+pM9a+y3E68uUOtKtWh8m1P8A1mM/DWHtocUtjmVYHXxCKVSBzZZOjGOZOlfZlX/p1P3TrSpjPCFKdijSyelLmi5HIKEY7RSfcnpRsSVZbcyuOU+0rKxWN4S1VJyU9m9txGkmnd7iH/AeUqDYsQwNR9LebLMMtfWXoc3WrbjnpBSOrDL4LndliGHgv4UPpS7RxYwb5Jk0MJN/ws7SSXJIWofQuzm08tl1aRPDK49Xcuag6jXSFuooYGmul/M80+0jDqnjk0rKph6UtuWpSnF/SKPUFIwP2rUf+0q/+6m/nplH9JFMNSs5emF1B1ECkHUXSTKQdRBqFrAJmxORC5jXUAJnMDmQOY11AIsRj6UGozqQi3ulKSTt3IZZzh5VPDhU1O+mHstKXz5fUx+dNvE1b89W3lZW+lhZRWjCvCUtl7Su/wCFtNXMdvLfXw27mNcyu6ox1CiaeUyKcyF1COUx7B85no/2O4rbGUezoVV81KL/AMsTzGUzY/ZJi9OYSp32q4aqvOUZRkvopE+T/FrD29eqorSiWpkMkcdrqVnEjkizJEUkZCBsZUkyWSIpoD0rMI/SAexpoXIWsjuK5XaekikHWRagphsaS6hXItQbi2ektxaiK4dQbPSXUZT7TaWrAKf+FXoz+UtVP9Zo02o5PGVHxMuxkedqMqi86dpr/KOXyVnh40ph1lVTF4h0IaWdYnMreIB1BksOoNdQruY1zALDqEbqELmNcxk5ueYNzaqwV3ZKaXNro/j/AMHPp5XVem8bJ87tXiu7R33MY6hm4xqZWJ00kkuSSS8hspldzGuZtlM5kbmROY2UgCSUzt8CYvw8zwUr2TreG/KpGUP1kjOuY7DYrwqlOqudKpTqrzhJS/Yzl5hz2+nZEUiTWmk1yaTXkyORw11I5EU0SSGSEaGRFMmmRSA4iEEIG6jYrjWwXK7TPuHUR3FcWzSqQrkdxXEElwoj1HB4nxUlGGicoq8lNRbWq9rXt8/U1jN3RW6m2gnWjH8Uox/mkl+pSxmZYeUJ03UUlOE4NRTltJNdNupidXf6ksJl5wz7qN5a833Wz5rZ+a5i1kmcR0YivHtVm15N6l9GU9Rok+oGsh1g1gSZzGuZC5jXIZaTOYxzInMY5ANJXMY5kbkNbAaSOYxzGtjWA0drBqGiFs9DcbIIg2en0bwni/Gy/BVXznhqGr+dQSl9UzpMx/2U4lzyulF/+KriKfy8RzX0mjXHFl4rono1kciRjJGWkUyKRLNkUhmYIQQC9cFxXAbTG4rjbhuIHXDcZcVwB0mcrNMNri0zpXIa8bi21Iw1ROMnGXNfX4kGIx8KVtbUbpNOcowja7V7yavunyudzPcHtrit4813Rwm9UXFadV705SS9mW11fopJWb8n0OvDPtHNnjqsbxFVUsRKpG1qkYS2ba2WnZ2V/wAJzNR1+KZuTpTa0tqpBptOUXGS9mXZpuS5vkcLUMJXIGsi1CuMJHIbcZcQDRzkBsaxMQK4LiDYAaIcT4fB1Km1OEpeS29Q2avYVjS5dwZiatnL2F6v/wCI1OXcA0YWdT23+bf6cieXLjGpha82oYeU3aEZSf5Vc7+VcIV60lr/ALqLe7trl6XS+p6fhMmo01aMFt8C9Cl2ViOXP+FJxfk7hvLaeDw1PD0tWmOqUnNpynOTvKTa2/2jqeIVKfIfqJdtqaTuYxyGahrkGxoWxkhNjWx7ABBqEGwu3A2BsBtjQhGiuIzhAuFDAXGyH2A0IKOJp3TMZm2GdKb92W6+HwNviKnNW9Ti5rh/Fi4v5PszeF61nOSx53xZTUqUaq/H4kY1N37S0ySn2T5J97R+JlGa/P6b8GrF7ONnb+WSb+iZjzpQG4gWCgAiEXMJldertCnJ/FqyF6GlMBsMs4ErVLOo7Lqor92azLOBaFOzkk33ftP1ZPLlxjcwteWYbLq1Vrw6cpfG1l6s0WW8DYipZzeldoq79Weq4bK6VP8ADBfMtqBHLnv0pOL8sVlnAdCFnNan+b2jR4XKaVNWjBfM6VhWJXPK+6pMZESgJxHsDMNGDooVgpADkwgFcZFcFxAuMCxrA2BsewIgXEGwu2FYQUylYNHWEEACQUghQArCDYcoiNBVpJo5uKw7XxXc7WgZOjcN6GtvN+LMvvCdSMW7xcamlXdmrardbft8DzLQ726/Dc+hsTlilfpfp0Od/Zqle7S9CuPLJPKeWFeL4TKK9X8NOXnJWNHlvAlWdnUbS7RVvqep4fK6cOUV6FuNJIzlz36Ocf5Y7K+CKFOzcU36v1Zo8NllKC9mC+Z0FANiGWdv2pMZEUaaHaR4jLRlgNDmBoAbYDY6w2wAxgsOFYAaIIABAEIZE2NbEwDBCEADIQgAF5iEKxRMggQQM5DkNQ9MAKQ9IYmG4BKmJjExXFTJoYPuMM0wsCw4RkGjWiTSCwBHYViSwBAywB7QwAaxjJBsgBgAsQzNYBzQ0CAQgMADGhAzUMhAEMiEIQBdQ5BEaZAQhACHxEIAcgiEAEQhCMgCEZpiJCEICBiEIGiEIADI2EQgaNkIQAACEMAMYRAAGMQgAMABGoZCEIZEIQgD/9k=',0),
											(6,'data:image/jpeg;base64,/9j/4AAQSkZJRgABAQAAAQABAAD/2wCEAAkGBw0NCAgICA0NCAcIBw0IBwgIDQ8IDQcNGBEWFhURExMYHSkhJBolJxMVLTEtJTUrMC46GR8/RDM4OCo5OisBCgoKDg0OFw0QFTUdHR4tKy0tKy0rKysrKy0rNysrLSsrLSstKy0rKy0rNysrNysrKy0rLSsrKysrKysrKysrK//AABEIAOEA4QMBIgACEQEDEQH/xAAcAAEAAgMBAQEAAAAAAAAAAAAAAgMBBgcIBQT/xAA9EAEAAAUBBAYHBQYHAAAAAAAAAQIDERIEBVST0QcWFyFxshMxMjZydbEGIkFRYRQlJjORwSNCUmKBouH/xAAXAQEBAQEAAAAAAAAAAAAAAAAAAgED/8QAGBEBAQEBAQAAAAAAAAAAAAAAAAERAjH/2gAMAwEAAhEDEQA/AO4gAAAAAAAAAAAAAAAAAAAAAAAAAAAAAAAAAAAAAAAAAAAAAAAAAAAAAAAAAAAAAA+TtT7SaHSVPQ6zUSU68IQjGjLCarPL4wlhG3/IPrDW+vWy94jwavI69bK3iPBq8m5Rsg1vr1sveI8GryOvOy94jwavIyjZBrfXnZe8R4NXkdedl7xHg1eRlGyDW+vOy94jwavI69bL3iPBq8jKNkGt9edl7xHg1eR152XvEeDV5GUbINb687L3iPBq8jrzsveI8GryMo2Qa3152XvEeDV5HXnZe8R4NXkZRsg1vrzsveI8GryOvOy94jwavIyjZBrfXnZe8R4NXkdedl7xHg1eRlGyDW+vWyt4jwavI69bL3iPBq8jKNkGv0ftrsueaEkNVCSMY2hGrJUpS/1jCz78k0JpZZpYwmkmlhNLNLG8JofhGEWDIAAAAAMTRtLGP5QjF56r6marVq6irGM9WvVmq1Z498ZpoxvF6EqexP8ABH6POMJu6HgvhlXZGSrIyWlbkzkqyMgW5GSrIyBbkZKsjIatyMlWRkC3IyVZGQxbkZKsjIFuRkqyMgW5GSrIyBZkZKsjIFuTr3RlqJqmwZJZ4xmhp9ZVoUr9+MndNCH/AGi45k650UR/cdX5nV8kievGxuYDmoAAABGp7E/wR+jzXLN3Q8HpSp7E/wAEfo8yyzd0PBfDKvyZyU5GS2LsmclORkC3IyVZGQLsjJTkZAuyMlORkC7JjJVkZAuyMlORkC7IyU5GQLsjJTkZAtyYyVxmYyBbk7B0Sx/cVX5pV8kjjOTsnRFH9wVfmtbySJ68I3cBzUAAAAjV9if4I/R5glm7oeD0/V9if4I/R5blm7oeC+GVfkzkpyZyWxbkZKsjIFuRkqyMgW5GSrIyBbkZKsjIFuRk/LV1cklSnSnm/wAWrNCFOSF5ox/XwW5AtyMlWRkC3IyVZGQLcjJVkZAtyYyV5MZAsydn6Ho/w/V+a1vJI4pk7V0Oe71T5tW8sievCN6Ac1AAAAI1PYn+CP0eV5Zu6Hg9UVPYn+CP0eVJY90PBfLKtyMld2bqYsyMldy4LMjJXcuCzIuruXBZk+XV23JCeMskk1SSEbRnhGEuXhB+nXRj+zai3r9BN6vBrVk242PpR11KGpm1UslStVm9n0sZactHutaFrvr6PVwrU/SSwjLabGMJofj+kWsQg2PRTQ/ZqOHs+ihDu/P8f7nNK/XcyV3LqYsyMldy4LMjJXcuCdy6F2Lgnd23oa93anzat5ZHD7u39DHu5U+bV/LInrwjfQEKAAAARqexP8Efo8oyx7nq6p7E/wAEfo8nSx7oeC+WVZcuhcupiy5dC5cE7l0LlwTuXQuXBKNowjCPfCMLRh+cGv6nTxp1IyR9V705v9cH3rsXZZpK1+aSMLZQjLf1ZQjLd9fZdGMlOM014RqRhGEkf8sPD8//AB+q5dkmGp3LoXLqE7l0LlwTuXQuXBO7F0bsXBO7uXQt7t1Pm1fyyOFXd06Ffdup83r+WRPXhG/AIUAAAAjV9if4I/R5Llj3Q8HrSr7E/wAEfo8lSR+7DwXyypXZujcupiVy6Ny4JXLo3LglcujcuCVy6Ny4JXLo3LglcujcuCVy6Ny4JXLo3Lgldi7Fy4Mu69Cfu3U+b1/LI4Td3boR92qvziv5KaevCOgAIUAAAAhV/lz/AAR+jyRLH7sPB63rfy5/gj9HkWnH7ksf9sF8sq25dC5dTErs3QuXBJm6Fy4J3YujcuCdy6Fy4JXZuhcuCdy6Fy4J3LoXLgncuhcuCdy6Fy4J3d36EPdqr84r+Sm4Ld3joOj/AA1W+c1/JTT142OhgIaAAAAhVhenPCHrjJGEP6PIdK8JJIR9cJIQj+nc9fuVfaXoel1Gur6zZOrl0VPU1pq9XR6mlGtJSnmjePo5oRhGEt790YRtf127oVzWVxgdQ7Fdbv8ApeFU5nYrrN/0vCqc1bGY5eOodius3/S8KpzOxXWb/peFU5mwxy8dQ7FdZv8ApeFU5nYrrN/0vCqczYY5eOodius3/S8KpzOxXWb/AKXhVOZsMcvHUOxXW7/peFU5nYrrd/0vCqczYY5eOodius3/AEvCqczsV1u/6XhVOZsMcvHUOxXW7/peDU5nYrrN/wBLwqnM2GOXjqHYrrd/0vCqczsV1m/6bg1OZsMcvHUOxXWb/peFU5nYrrd/0vBqczYY5eOodius3/S8KpzOxXWb/peFU5mwxy93noNhHq1WjH1TbZrxl/WGFOH9otaodCmpjUl9PtGhJRv9+NHTz1J4w/S80IOr/Z7Y1DZ2ztNszQwjDTaaWMITTxhNPWmjGMZp5ow/GMYxim1sfRAS0AAAAAAAAAAAAAAAAAAAAAAAAAAAAAAAAAAAAAAAAAAAAAAAAAAAAAAAAAAAAAAAAAAAAAAAAAAAAAAAAAAAAAAAAAAAAAAAAAAAAAAAAAAAAAAAAAAAAAAAAAB//9k=',0),
											(7,'https://cdn2.cellphones.com.vn/358x/media/catalog/product/m/a/macbook_air_m2_2_3.jpg',0),
											(7,'https://cdn2.cellphones.com.vn/358x358,webp,q100/media/catalog/product/9/_/9_2_3.png',0),
											(8,'https://cdn2.cellphones.com.vn/358x/media/catalog/product/m/a/macbook_air_m2_3_3.jpg',0),
											(8,'https://cdn2.cellphones.com.vn/58x58,webp,q100/media/catalog/product/9/_/9_2_3_1.png',0),
											(9,'https://cdn2.cellphones.com.vn/358x/media/catalog/product/m/a/macbook_air_m2_2_4.jpg',0),
											(9,'https://cdn2.cellphones.com.vn/58x58,webp,q100/media/catalog/product/1/1/11_5_1_1.png',0),
											(10,'https://cdn2.cellphones.com.vn/358x/media/catalog/product/m/a/macbook_air_m2_1_3.jpg',0),
											(10,'https://cdn2.cellphones.com.vn/358x358,webp,q100/media/catalog/product/8/_/8_6_2_1.png',0),
											(11,'https://cdn2.cellphones.com.vn/358x/media/catalog/product/m/a/macbook_air_m2_2_4.jpg',0),
											(11,'https://cdn2.cellphones.com.vn/358x358,webp,q100/media/catalog/product/1/1/11_5_1_1.png',0),
											(12,'https://cdn2.cellphones.com.vn/358x/media/catalog/product/m/a/macbook_air_m2_3_3.jpg',0),
											(12,'https://cdn2.cellphones.com.vn/58x58,webp,q100/media/catalog/product/9/_/9_2_3_1.png',0),
											(13,'https://cdn2.cellphones.com.vn/358x/media/catalog/product/m/a/macbook_air_m2_2_4.jpg',0),
											(13,'https://cdn2.cellphones.com.vn/58x58,webp,q100/media/catalog/product/1/1/11_5_1_1.png',0),
											(14,'https://cdn2.cellphones.com.vn/358x/media/catalog/product/m/a/macbook_air_m2_1_3.jpg',0),
											(14,'https://cdn2.cellphones.com.vn/358x358,webp,q100/media/catalog/product/8/_/8_6_2_1.png',0),
											(15,'https://cdn2.cellphones.com.vn/358x/media/catalog/product/m/a/macbook_air_m2_2_4.jpg',0),
											(15,'https://cdn2.cellphones.com.vn/358x358,webp,q100/media/catalog/product/1/1/11_5_1_1.png',0),
											(16,'https://cdn2.cellphones.com.vn/358x/media/catalog/product/m/a/macbook_air_m2_3_3.jpg',0),
											(16,'https://cdn2.cellphones.com.vn/58x58,webp,q100/media/catalog/product/9/_/9_2_3_1.png',0),
											(17,'https://cdn2.cellphones.com.vn/358x/media/catalog/product/m/a/macbook_air_m2_2_4.jpg',0),
											(17,'https://cdn2.cellphones.com.vn/58x58,webp,q100/media/catalog/product/1/1/11_5_1_1.png',0),
											(18,'https://cdn2.cellphones.com.vn/358x/media/catalog/product/m/a/macbook_air_m2_1_3.jpg',0),
											(18,'https://cdn2.cellphones.com.vn/358x358,webp,q100/media/catalog/product/8/_/8_6_2_1.png',0),
											(19,'https://cdn2.cellphones.com.vn/358x/media/catalog/product/m/a/macbook_air_m2_2_3.jpg',0),
											(19,'https://cdn2.cellphones.com.vn/358x358,webp,q100/media/catalog/product/9/_/9_2_3.png',0),
											(20,'https://cdn2.cellphones.com.vn/358x/media/catalog/product/m/a/macbook_air_m2_3_3.jpg',0),
											(20,'https://cdn2.cellphones.com.vn/58x58,webp,q100/media/catalog/product/9/_/9_2_3_1.png',0),
											(21,'https://cdn2.cellphones.com.vn/358x/media/catalog/product/m/a/macbook_air_m2_2_4.jpg',0),
											(21,'https://cdn2.cellphones.com.vn/58x58,webp,q100/media/catalog/product/1/1/11_5_1_1.png',0),
											(22,'https://cdn2.cellphones.com.vn/358x/media/catalog/product/m/a/macbook_air_m2_1_3.jpg',0),
											(22,'https://cdn2.cellphones.com.vn/358x358,webp,q100/media/catalog/product/8/_/8_6_2_1.png',0),
											(23,'https://cdn2.cellphones.com.vn/358x358,webp,q100/media/catalog/product/2/_/2_373.png',0),
											(23,'https://cdn2.cellphones.com.vn/358x358,webp,q100/media/catalog/product/3/_/3_342.png',0),
											(24,'https://cdn2.cellphones.com.vn/358x358,webp,q100/media/catalog/product/2/4/24_120.jpg',0),
											(24,'https://cdn2.cellphones.com.vn/358x358,webp,q100/media/catalog/product/2/8/28_2_50.jpg',0),
											(25,'https://cdn2.cellphones.com.vn/358x358,webp,q100/media/catalog/product/2/8/28_2_53.jpg',0),
											(25,'https://cdn2.cellphones.com.vn/358x358,webp,q100/media/catalog/product/2/5/25_1_105.jpg',0),
											(26,'https://cdn2.cellphones.com.vn/358x358,webp,q100/media/catalog/product/1/_/1_147_2.png',0),
											(26,'https://cdn2.cellphones.com.vn/358x358,webp,q100/media/catalog/product/2/_/2_126.png',0),
											(27,'https://cdn2.cellphones.com.vn/358x/media/catalog/product/t/_/t_m_21.png	',0),
											(27,'https://cdn2.cellphones.com.vn/358x358,webp,q100/media/catalog/product/2/5/25.2_4.png',0),
										    (28,'https://cdn2.cellphones.com.vn/358x/media/catalog/product/v/a/vang-iphone-14-pro_5.png',0),
											(28,'https://cdn2.cellphones.com.vn/358x358,webp,q100/media/catalog/product/2/5/25.9_1.png',0),
											(29,'https://cdn2.cellphones.com.vn/358x/media/catalog/product/t/_/t_m-iphone-14-pro-1_3.png',0),
											(29,'https://cdn2.cellphones.com.vn/358x358,webp,q100/media/catalog/product/2/5/25.10_1.png',0),
											(30,'https://cdn2.cellphones.com.vn/358x/media/catalog/product/x/_/x_m_1_3.png',0),
											(30,'https://cdn2.cellphones.com.vn/358x358,webp,q100/media/catalog/product/2/5/25.4_2.png',0),
											(31,'https://cdn2.cellphones.com.vn/358x/media/catalog/product/t/_/t_m_21.png	',0),
											(31,'https://cdn2.cellphones.com.vn/358x358,webp,q100/media/catalog/product/2/5/25.2_4.png',0),
										    (32,'https://cdn2.cellphones.com.vn/358x/media/catalog/product/v/a/vang-iphone-14-pro_5.png',0),
											(32,'https://cdn2.cellphones.com.vn/358x358,webp,q100/media/catalog/product/2/5/25.9_1.png',0),
											(33,'https://cdn2.cellphones.com.vn/358x/media/catalog/product/t/_/t_m-iphone-14-pro-1_3.png',0),
											(33,'https://cdn2.cellphones.com.vn/358x358,webp,q100/media/catalog/product/2/5/25.10_1.png',0),
											(34,'https://cdn2.cellphones.com.vn/358x/media/catalog/product/x/_/x_m_1_3.png',0),
											(34,'https://cdn2.cellphones.com.vn/358x358,webp,q100/media/catalog/product/2/5/25.4_2.png',0),
											(35,'https://cdn2.cellphones.com.vn/358x/media/catalog/product/x/_/x_m_1_3.png',0),
											(35,'https://cdn2.cellphones.com.vn/358x358,webp,q100/media/catalog/product/2/5/25.4_2.png',0),
 											(36,'https://cdn2.cellphones.com.vn/358x/media/catalog/product/v/a/vang-iphone-14-pro_5.png',0),
											(36,'https://cdn2.cellphones.com.vn/358x358,webp,q100/media/catalog/product/2/5/25.9_1.png',0),
											(37,'https://cdn2.cellphones.com.vn/358x/media/catalog/product/t/_/t_m-iphone-14-pro-1_3.png',0),
											(37,'https://cdn2.cellphones.com.vn/358x358,webp,q100/media/catalog/product/2/5/25.10_1.png',0),
											(38,'https://cdn2.cellphones.com.vn/358x/media/catalog/product/x/_/x_m_1_3.png',0),
											(38,'https://cdn2.cellphones.com.vn/358x358,webp,q100/media/catalog/product/2/5/25.4_2.png',0),
											(39,'https://cdn2.cellphones.com.vn/358x/media/catalog/product/t/_/t_m_21.png	',0),
											(39,'https://cdn2.cellphones.com.vn/358x358,webp,q100/media/catalog/product/2/5/25.2_4.png',0),
											(40,'https://cdn2.cellphones.com.vn/358x/media/catalog/product/s/m/sm-s901_galaxys22_front_green_211123_3.jpg',0),
											(40,'https://cdn2.cellphones.com.vn/58x58,webp,q100/media/catalog/product/s/m/sm-s901_galaxys22_rside_pinkgold_003_2.jpg',0),
											(41,'https://cdn2.cellphones.com.vn/358x358,webp,q100/media/catalog/product/s/m/sm-s901_galaxys22_front_phantomwhite_211122_1.jpg',0),
											(41,'https://cdn2.cellphones.com.vn/358x358,webp,q100/media/catalog/product/s/m/sm-s901_galaxys22_rside_pinkgold_004_2.jpg',0),
											(42,'https://cdn2.cellphones.com.vn/358x/media/catalog/product/s/m/sm-s901_galaxys22_front_pinkgold_211122_2.jpg',0),
											(42,'https://cdn2.cellphones.com.vn/358x358,webp,q100/media/catalog/product/4/0/4096-2731-max_8__3.jpg',0),
											(43,'https://cdn2.cellphones.com.vn/358x/media/catalog/product/s/m/sm-s901_galaxys22_front_phantomblack_211122_2.jpg',0),
											(43,'https://cdn2.cellphones.com.vn/358x358,webp,q100/media/catalog/product/4/0/4096-2731-max_6__3.jpg',0),
											(44,'https://cdn2.cellphones.com.vn/358x/media/catalog/product/s/m/sm-s901_galaxys22_front_green_211123_3.jpg',0),
											(44,'https://cdn2.cellphones.com.vn/58x58,webp,q100/media/catalog/product/s/m/sm-s901_galaxys22_rside_pinkgold_003_2.jpg',0),
											(45,'https://cdn2.cellphones.com.vn/358x358,webp,q100/media/catalog/product/s/m/sm-s901_galaxys22_front_phantomwhite_211122_1.jpg',0),
											(45,'https://cdn2.cellphones.com.vn/358x358,webp,q100/media/catalog/product/s/m/sm-s901_galaxys22_rside_pinkgold_004_2.jpg',0),
											(46,'https://cdn2.cellphones.com.vn/358x/media/catalog/product/s/m/sm-s901_galaxys22_front_pinkgold_211122_2.jpg',0),
											(46,'https://cdn2.cellphones.com.vn/358x358,webp,q100/media/catalog/product/4/0/4096-2731-max_8__3.jpg',0),
											(47,'https://cdn2.cellphones.com.vn/358x/media/catalog/product/s/m/sm-s901_galaxys22_front_phantomblack_211122_2.jpg',0),
											(47,'https://cdn2.cellphones.com.vn/358x358,webp,q100/media/catalog/product/4/0/4096-2731-max_6__3.jpg',0),
											(48,'https://cdn2.cellphones.com.vn/358x/media/catalog/product/s/m/sm-s901_galaxys22_front_green_211123_3.jpg',0),
											(48,'https://cdn2.cellphones.com.vn/58x58,webp,q100/media/catalog/product/s/m/sm-s901_galaxys22_rside_pinkgold_003_2.jpg',0),
											(49,'https://cdn2.cellphones.com.vn/358x358,webp,q100/media/catalog/product/s/m/sm-s901_galaxys22_front_phantomwhite_211122_1.jpg',0),
											(49,'https://cdn2.cellphones.com.vn/358x358,webp,q100/media/catalog/product/s/m/sm-s901_galaxys22_rside_pinkgold_004_2.jpg',0),
											(50,'https://cdn2.cellphones.com.vn/358x/media/catalog/product/s/m/sm-s901_galaxys22_front_pinkgold_211122_2.jpg',0),
											(50,'https://cdn2.cellphones.com.vn/358x358,webp,q100/media/catalog/product/4/0/4096-2731-max_8__3.jpg',0),
											(51,'https://cdn2.cellphones.com.vn/358x/media/catalog/product/s/m/sm-s901_galaxys22_front_phantomblack_211122_2.jpg',0),
											(51,'https://cdn2.cellphones.com.vn/358x358,webp,q100/media/catalog/product/4/0/4096-2731-max_6__3.jpg',0),
											(52,'https://cdn2.cellphones.com.vn/358x358,webp,q100/media/catalog/product/t/e/text_ng_n_1_4.png',0),
											(52,'https://cdn2.cellphones.com.vn/358x358,webp,q100/media/catalog/product/t/e/text_ng_n_1__1_12.png',0),
											(53,'https://cdn2.cellphones.com.vn/358x358,webp,q100/media/catalog/product/_/0/_0004_46731_gigabyte_u4_ha5.jpg',0),
											(53,'https://cdn2.cellphones.com.vn/358x358,webp,q100/media/catalog/product/_/0/_0005_46731_gigabyte_u4_ha6.jpg',0),
											(54,'https://cdn2.cellphones.com.vn/358x358,webp,q100/media/catalog/product/1/_/1_74_68.jpg',0),
											(54,'https://cdn2.cellphones.com.vn/358x358,webp,q100/media/catalog/product/4/_/4_44_58.jpg',0),
											(55,'https://cdn2.cellphones.com.vn/358x358,webp,q100/media/catalog/product/_/0/_0004_msi-modern-15-a11m-1024vn_7eca85.jpg',0),
											(55,'https://cdn2.cellphones.com.vn/358x358,webp,q100/media/catalog/product/_/0/_0000_msi-modern-15-a11m-1024vn-1_c0a7.jpg',0),
											(56,'https://cdn2.cellphones.com.vn/358x358,webp,q100/media/catalog/product/h/u/huawei-matebook-14_5_.jpg',0),
											(56,'https://cdn2.cellphones.com.vn/358x358,webp,q100/media/catalog/product/h/u/huawei-matebook-14_7_.jpg',0),
											(57,'https://cdn2.cellphones.com.vn/358x358,webp,q100/media/catalog/product/h/u/huawei-matebook-14_5_.jpg',0),
											(57,'https://cdn2.cellphones.com.vn/358x358,webp,q100/media/catalog/product/h/u/huawei-matebook-14_7_.jpg',0),
											(58,'https://cdn2.cellphones.com.vn/358x358,webp,q100/media/catalog/product/l/a/laptop-dell-vostro-3405-v4r53500u003w1-1.jpg',0),
											(58,'https://cdn2.cellphones.com.vn/358x358,webp,q100/media/catalog/product/l/a/laptop-dell-vostro-3405-v4r53500u003w1-4.jpg',0),
											(1,'https://cdn2.cellphones.com.vn/358x358,webp,q100/media/catalog/product/l/a/laptop-asus-rog-strix-g15-g513qc-hn015t-1.jpg',1),
											(2,'https://cdn2.cellphones.com.vn/358x358,webp,q100/media/catalog/product/l/a/laptop-asus-rog-strix-g15-g513qc-hn015t-1.jpg',1),
											(3,'https://cdn2.cellphones.com.vn/358x358,webp,q100/media/catalog/product/l/a/laptop_asus_gaming_rog_strix_scar_g15_g533qm-hq054t-02_2.jpg',1),
											(4,'https://cdn2.cellphones.com.vn/358x358,webp,q100/media/catalog/product/m/a/macbook_air_m2_3_4_1.jpg',1),
											(5,'https://cdn2.cellphones.com.vn/358x/media/catalog/product/m/a/macbook_air_m2_4_3.jpg',1),
											(6,'https://cdn2.cellphones.com.vn/358x/media/catalog/product/m/a/macbook_air_m2_1_3.jpg',1),
											(7,'https://cdn2.cellphones.com.vn/358x/media/catalog/product/m/a/macbook_air_m2_2_4.jpg',1),
											(8,'https://cdn2.cellphones.com.vn/358x/media/catalog/product/m/a/macbook_air_m2_3_3.jpg',1),
											(9,'https://cdn2.cellphones.com.vn/358x/media/catalog/product/m/a/macbook_air_m2_2_4.jpg',1),
											(10,'https://cdn2.cellphones.com.vn/358x/media/catalog/product/m/a/macbook_air_m2_4_3.jpg',1),
											(11,'https://cdn2.cellphones.com.vn/358x/media/catalog/product/m/a/macbook_air_m2_1_3.jpg',1),
											(12,'https://cdn2.cellphones.com.vn/358x/media/catalog/product/m/a/macbook_air_m2_2_4.jpg',1),
											(13,'https://cdn2.cellphones.com.vn/358x/media/catalog/product/m/a/macbook_air_m2_2_4.jpg',1),
											(14,'https://cdn2.cellphones.com.vn/358x/media/catalog/product/m/a/macbook_air_m2_4_3.jpg',1),
											(15,'https://cdn2.cellphones.com.vn/358x/media/catalog/product/m/a/macbook_air_m2_1_3.jpg',1),
											(16,'https://cdn2.cellphones.com.vn/358x/media/catalog/product/m/a/macbook_air_m2_2_4.jpg',1),
											(17,'https://cdn2.cellphones.com.vn/358x/media/catalog/product/m/a/macbook_air_m2_2_4.jpg',1),
											(18,'https://cdn2.cellphones.com.vn/358x/media/catalog/product/m/a/macbook_air_m2_4_3.jpg',1),
											(19,'https://cdn2.cellphones.com.vn/358x/media/catalog/product/m/a/macbook_air_m2_1_3.jpg',1),
											(20,'https://cdn2.cellphones.com.vn/358x/media/catalog/product/m/a/macbook_air_m2_3_3.jpg',1),
											(21,'https://cdn2.cellphones.com.vn/358x/media/catalog/product/m/a/macbook_air_m2_2_4.jpg',1),
											(22,'https://cdn2.cellphones.com.vn/358x/media/catalog/product/m/a/macbook_air_m2_4_3.jpg',1),
											(23,'https://cdn2.cellphones.com.vn/358x/media/catalog/product/m/a/macbook_air_m2_1_3.jpg',1),
											(24,'https://cdn2.cellphones.com.vn/358x358,webp,q100/media/catalog/product/2/_/2_373.png',1),
											(25,'https://cdn2.cellphones.com.vn/358x358,webp,q100/media/catalog/product/2/4/24_120.jpg',1),
											(26,'https://cdn2.cellphones.com.vn/358x358,webp,q100/media/catalog/product/2/8/28_2_53.jpg',1),
											(27,'https://cdn2.cellphones.com.vn/358x358,webp,q100/media/catalog/product/1/_/1_147_2.png',1),
											(28,'https://cdn2.cellphones.com.vn/358x358,webp,q100/media/catalog/product/t/_/t_m_20.png',1),
											(29,'https://cdn2.cellphones.com.vn/358x/media/catalog/product/v/a/vang-iphone-14-pro_5.png',1),
											(30,'https://cdn2.cellphones.com.vn/358x/media/catalog/product/t/_/t_m-iphone-14-pro-1_3.png',1),
											(31,'https://cdn2.cellphones.com.vn/358x/media/catalog/product/x/_/x_m_1_3.png',1),
											(32,'https://cdn2.cellphones.com.vn/358x358,webp,q100/media/catalog/product/t/_/t_m_20.png',1),
											(33,'https://cdn2.cellphones.com.vn/358x/media/catalog/product/v/a/vang-iphone-14-pro_5.png',1),
											(34,'https://cdn2.cellphones.com.vn/358x/media/catalog/product/t/_/t_m-iphone-14-pro-1_3.png',1),
											(35,'https://cdn2.cellphones.com.vn/358x/media/catalog/product/x/_/x_m_1_3.png',1),
											(36,'https://cdn2.cellphones.com.vn/358x358,webp,q100/media/catalog/product/t/_/t_m_20.png',1),
											(37,'https://cdn2.cellphones.com.vn/358x/media/catalog/product/v/a/vang-iphone-14-pro_5.png',1),
											(38,'https://cdn2.cellphones.com.vn/358x/media/catalog/product/t/_/t_m-iphone-14-pro-1_3.png',1),
											(39,'https://cdn2.cellphones.com.vn/358x/media/catalog/product/x/_/x_m_1_3.png',1),
											(40,'https://cdn2.cellphones.com.vn/358x/media/catalog/product/s/m/sm-s901_galaxys22_front_green_211123_2.jpg',1),
											(41,'https://cdn2.cellphones.com.vn/358x358,webp,q100/media/catalog/product/s/m/sm-s901_galaxys22_front_phantomwhite_211122_1.jpg',1),
											(42,'https://cdn2.cellphones.com.vn/358x358,webp,q100/media/catalog/product/s/m/sm-s901_galaxys22_front_pinkgold_211122_1.jpg',1),
											(43,'https://cdn2.cellphones.com.vn/358x/media/catalog/product/s/m/sm-s901_galaxys22_front_phantomblack_211122_3.jpg',1),
											(44,'https://cdn2.cellphones.com.vn/358x/media/catalog/product/s/m/sm-s901_galaxys22_front_green_211123_2.jpg',1),
											(45,'https://cdn2.cellphones.com.vn/358x358,webp,q100/media/catalog/product/s/m/sm-s901_galaxys22_front_phantomwhite_211122_1.jpg',1),
											(46,'https://cdn2.cellphones.com.vn/358x358,webp,q100/media/catalog/product/s/m/sm-s901_galaxys22_front_pinkgold_211122_1.jpg',1),
											(47,'https://cdn2.cellphones.com.vn/358x/media/catalog/product/s/m/sm-s901_galaxys22_front_phantomblack_211122_3.jpg',1),
											(48,'https://cdn2.cellphones.com.vn/358x/media/catalog/product/s/m/sm-s901_galaxys22_front_green_211123_2.jpg',1),
											(49,'https://cdn2.cellphones.com.vn/358x358,webp,q100/media/catalog/product/s/m/sm-s901_galaxys22_front_phantomwhite_211122_1.jpg',1),
											(50,'https://cdn2.cellphones.com.vn/358x358,webp,q100/media/catalog/product/s/m/sm-s901_galaxys22_front_pinkgold_211122_1.jpg',1),
											(51,'https://cdn2.cellphones.com.vn/358x/media/catalog/product/s/m/sm-s901_galaxys22_front_phantomblack_211122_3.jpg',1),
											(52,'https://cdn2.cellphones.com.vn/358x358,webp,q100/media/catalog/product/_/0/_0004_59688_laptop_gigabyte_gaming_g5.jpg',1),
											(53,'https://cdn2.cellphones.com.vn/358x358,webp,q100/media/catalog/product/_/0/_0002_46731_gigabyte_u4_ha3.jpg',1),
											(54,'https://cdn2.cellphones.com.vn/358x358,webp,q100/media/catalog/product/1/_/1_74_68.jpg',1),
											(55,'https://cdn2.cellphones.com.vn/358x358,webp,q100/media/catalog/product/_/0/_0004_msi-modern-15-a11m-1024vn_7eca85.jpg',1),
											(56,'https://cdn2.cellphones.com.vn/358x358,webp,q100/media/catalog/product/h/u/huawei-matebook-14_4_.jpg',1),
											(57,'https://cdn2.cellphones.com.vn/358x358,webp,q100/media/catalog/product/1/7/17_4.png',1),
											(58,'https://cdn2.cellphones.com.vn/358x358,webp,q100/media/catalog/product/_/0/_0003_34994_vos_3405.jpg',1)
Insert into Role(role_name) values ('Admin'),
										   ('Employee'),
										   ('Manage'),
										   ('Customer')
Insert into Account(username,[password],displayname) values	('admin','admin','admin')	
Insert into Role_Account(role_id,username) values (1,'admin')
Insert into Status(status_name) values ('Preparing'),('Shipping'),('Success'),('Cancelled')


Insert into [Order]([status],customer_id,[date],total_price) values (1,1,'2/2/2023',22190000)
